StudyName,ExportDate,Name,Age,Gender,StimulusName,SlideType,EventSource,UTCTimestamp,Timestamp,MediaTime,TimeSignal,GazeLeftx,GazeLefty,GazeRightx,GazeRighty,PupilLeft,PupilRight,DistanceLeft,DistanceRight,CameraLeftX,CameraLeftY,CameraRightX,CameraRightY,ValidityLeft,ValidityRight,GazeX,GazeY,GazeAOI,InterpolatedGazeX,InterpolatedGazeY,GazeEventType,GazeVelocityAngle,SaccadeSeq,SaccadeStart,SaccadeDuration,FixationSeq,FixationX,FixationY,FixationStart,FixationDuration,FixationAOI,PostMarker,Annotation,LiveMarker,KeyStroke,MarkerText,SceneType,SceneOutput,SceneParent,Current_task,Graph
1. Visualization Study 99min,20180125,,,,visualizationstudy,TestImage,ET,20170609_212220308,20170609_142220308,655353,662470,-1,-1,385,951,-1,3.138107,-1,497.885,-1,-1,0.3704433,0.496556,4,0,385,951,,385,951,,0,,,,909,380,947,655353,409,,,,,,,,,,DL11,BAR
1. Visualization Study 99min,20180125,,,,visualizationstudy,TestImage,ET,20170609_212221775,20170609_142221775,656820,663937,971,889,1029,884,-1,-1,515.1013,494.1627,0.4824321,0.5000792,0.3530168,0.4917927,0,0,1000,886,,1000,886,,0,,,,911,1010,896,656820,114,,,,,,,,,,DL11,BAR
1. Visualization Study 99min,20180125,,,,visualizationstudy,TestImage,ET,20170609_212221948,20170609_142221948,656993,664112,962,880,-1,-1,-1,-1,517.1428,-1,0.4839174,0.5023105,-1,-1,0,4,962,880,,962,880,,0,,,,912,949,880,656993,124,,,,,,,,,,DL11,BAR
1. Visualization Study 99min,20180125,,,,visualizationstudy,TestImage,ET,20170609_212222499,20170609_142222499,657543,664662,887,164,-1,-1,-1,-1,515.8972,-1,0.4767545,0.5051852,-1,-1,0,4,887,164,,887,164,,0,,,,913,878,184,657543,158,,,,,,,,,,DL11,BAR
1. Visualization Study 99min,20180125,,,,visualizationstudy,TestImage,ET,20170609_212223057,20170609_142223057,658101,665220,339,176,429,231,3.379898,3.225021,492.5709,493.1596,0.4859943,0.5099056,0.3604883,0.4974039,0,0,384,204,,384,204,,0,,,,914,376,224,658101,137,,,,,,,,,,DL11,BAR
1. Visualization Study 99min,20180125,,,,visualizationstudy,TestImage,ET,20170609_212224109,20170609_142224109,659153,666261,810,894,871,923,-1,-1,538.8823,526.5405,0.4730352,0.5171925,0.346949,0.5059816,0,0,840,908,,847,920,,0,,,,915,831,911,659139,138,,,,,,,,,,DL11,BAR
1. Visualization Study 99min,20180125,,,,visualizationstudy,TestImage,ET,20170609_212226506,20170609_142226506,661550,668670,317,861,312,862,3.376511,3.481735,519.4086,531.2228,0.4645989,0.5214769,0.3389716,0.5110159,0,0,314,862,,314,862,,0,,,,916,307,855,661550,191,,,,,,,,,,DL11,BAR
1. Visualization Study 99min,20180125,,,,visualizationstudy,TestImage,ET,20170609_212227355,20170609_142227355,662399,669519,-1,-1,736,227,-1,3.172333,-1,516.2467,-1,-1,0.3414876,0.5081511,4,0,736,227,,736,227,,0,,,,917,734,214,662399,134,,,,,,,,,,DL11,BAR
1. Visualization Study 99min,20180125,,,,visualizationstudy,TestImage,ET,20170609_212228206,20170609_142228206,663250,670369,1398,512,1457,515,3.36673,3.372772,531.1052,523.9604,0.4563946,0.5204297,0.3327693,0.5102671,0,0,1428,514,,1428,514,,0,,,,918,1426,516,663250,108,,,,,,,,,,DL11,BAR
1. Visualization Study 99min,20180125,,,,visualizationstudy,TestImage,ET,20170609_212228506,20170609_142228506,663550,670669,1366,661,1440,667,3.368546,3.248169,523.9384,499.3544,0.4568299,0.5215756,0.3341809,0.5114555,0,0,1403,664,,1403,664,,0,,,,919,1407,649,663550,390,,,,,,,,,,DL11,BAR
1. Visualization Study 99min,20180125,,,,visualizationstudy,TestImage,ET,20170609_212229747,20170609_142229747,664792,671911,992,341,-1,-1,-1,-1,516.0276,-1,0.4634179,0.5188273,-1,-1,0,4,992,341,,992,341,,0,,,,921,983,341,664792,183,,,,,,,,,,DL11,BAR
1. Visualization Study 99min,20180125,,,,visualizationstudy,TestImage,ET,20170609_212230481,20170609_142230481,665526,672644,1432,524,1476,572,3.398285,3.288055,527.6887,504.8249,0.4573214,0.5173088,0.3322079,0.5104209,0,0,1454,548,,1454,548,,0,,,,922,1449,548,665526,138,,,,,,,,,,DL11,BAR
1. Visualization Study 99min,20180125,,,,visualizationstudy,TestImage,ET,20170609_212230992,20170609_142230992,666037,673152,1377,546,1442,561,-1,-1,512.2723,487.612,0.4587247,0.5177644,0.3331327,0.5104119,0,0,1410,554,,1410,554,,0,,,,923,1398,563,666037,121,,,,,,,,,,DL11,BAR
1. Visualization Study 99min,20180125,,,,visualizationstudy,TestImage,ET,20170609_212231380,20170609_142231380,666425,673544,1411,603,1462,635,3.348877,3.298828,525.8311,501.1486,0.4547744,0.5174611,0.3288695,0.5111911,0,0,1436,619,,1436,619,,0,,,,924,1446,614,666425,421,,,,,,,,,,DL11,BAR
1. Visualization Study 99min,20180125,,,,visualizationstudy,TestImage,ET,20170609_212231828,20170609_142231828,666873,673986,1461,615,-1,-1,-1,-1,527.9708,-1,0.453775,0.5170266,-1,-1,0,4,1461,615,,1461,615,,0,,,,925,1485,603,666873,135,,,,,,,,,,DL11,BAR
1. Visualization Study 99min,20180125,,,,visualizationstudy,TestImage,ET,20170609_212232025,20170609_142232025,667070,674186,1419,598,-1,-1,-1,-1,525.8025,-1,0.4549462,0.517513,-1,-1,0,4,1419,598,,1419,598,,0,,,,926,1437,616,667070,791,,,,,,,,,,DL11,BAR
1. Visualization Study 99min,20180125,,,,visualizationstudy,TestImage,ET,20170609_212233038,20170609_142233038,668083,675202,-1,-1,1173,352,-1,-1,-1,512.6008,-1,-1,0.3333824,0.5078984,4,0,1173,352,,1173,352,,0,,,,927,1166,328,668083,174,,,,,,,,,,DL11,BAR
1. Visualization Study 99min,20180125,,,,visualizationstudy,TestImage,ET,20170609_212233254,20170609_142233254,668299,675419,1338,168,1375,166,3.371902,3.512375,532.1968,524.035,0.4595227,0.5107742,0.332679,0.503319,0,0,1356,167,,1356,167,,0,,,,928,1369,146,668299,125,,,,,,,,,,DL11,BAR
1. Visualization Study 99min,20180125,,,,visualizationstudy,TestImage,ET,20170609_212237067,20170609_142237067,672112,679232,266,815,335,854,-1,-1,490.526,489.1285,0.4873893,0.4878918,0.359015,0.4791945,0,0,300,834,,300,834,,0,,,,929,305,833,672112,125,,,,,,,,,,DL11,BAR
1. Visualization Study 99min,20180125,,,,visualizationstudy,TestImage,ET,20170609_212237208,20170609_142237208,672253,679365,223,786,264,864,3.283539,3.347977,491.1789,490.3987,0.4896166,0.4894204,0.3611327,0.4791829,0,0,244,825,,244,825,,0,,,,930,252,832,672253,117,,,,,,,,,,DL11,BAR
1. Visualization Study 99min,20180125,,,,visualizationstudy,TestImage,ET,20170609_212238217,20170609_142238217,673262,680381,-1,-1,172,186,-1,-1,-1,485.4832,-1,-1,0.3616396,0.4778591,4,0,172,186,,172,186,,0,,,,931,175,196,673262,109,,,,,,,,,,DL11,BAR
1. Visualization Study 99min,20180125,,,,visualizationstudy,TestImage,ET,20170609_212238575,20170609_142238575,673620,680740,396,283,430,240,3.095657,3.110626,442.8393,463.0259,0.4941601,0.4885289,0.362739,0.4775713,0,0,413,262,,413,262,,0,,,,932,388,262,673620,175,,,,,,,,,,DL11,BAR
1. Visualization Study 99min,20180125,,,,visualizationstudy,TestImage,ET,20170609_212239942,20170609_142239942,674986,682106,-1,-1,227,355,-1,-1,-1,450.4751,-1,-1,0.3666769,0.4785751,4,0,227,355,,227,355,,0,,,,933,231,361,674986,110,,,,,,,,,,DL11,BAR
1. Visualization Study 99min,20180125,,,,visualizationstudy,TestImage,ET,20170609_212240067,20170609_142240067,675111,682231,319,478,306,385,-1,-1,430.4944,450.7668,0.4968137,0.488164,0.3660581,0.4782772,0,0,312,432,,312,432,,0,,,,934,322,404,675111,109,,,,,,,,,,DL11,BAR
1. Visualization Study 99min,20180125,,,,visualizationstudy,TestImage,ET,20170609_212240344,20170609_142240344,675388,682506,354,453,438,447,-1,-1,429.2504,449.5454,0.4969654,0.488258,0.366314,0.4781994,0,0,396,450,,396,450,,0,,,,935,400,456,675388,157,,,,,,,,,,DL11,BAR
1. Visualization Study 99min,20180125,,,,visualizationstudy,TestImage,ET,20170609_212240717,20170609_142240717,675761,682881,-1,-1,240,226,-1,-1,-1,477.1318,-1,-1,0.3653468,0.4784147,4,0,240,226,,240,226,,0,,,,936,233,205,675761,111,,,,,,,,,,DL11,BAR
1. Visualization Study 99min,20180125,,,,visualizationstudy,TestImage,ET,20170609_212241031,20170609_142241031,676075,683190,296,299,381,311,3.484055,3.434631,473.9263,485.4332,0.4939763,0.4898123,0.3640444,0.4783034,0,0,338,305,,338,305,,0,,,,937,338,293,676075,136,,,,,,,,,,DL11,BAR
1. Visualization Study 99min,20180125,,,,visualizationstudy,TestImage,ET,20170609_212241217,20170609_142241217,676261,683381,237,293,318,294,-1,-1,464.2968,480.5209,0.4953922,0.4884966,0.3646137,0.4785542,0,0,278,294,,278,294,,0,,,,938,287,300,676261,134,,,,,,,,,,DL11,BAR
1. Visualization Study 99min,20180125,,,,visualizationstudy,TestImage,ET,20170609_212241376,20170609_142241376,676420,683540,-1,-1,186,224,-1,3.363388,-1,476.8604,-1,-1,0.3654946,0.478882,4,0,186,224,,186,224,,0,,,,939,187,236,676420,142,,,,,,,,,,DL11,BAR
1. Visualization Study 99min,20180125,,,,visualizationstudy,TestImage,ET,20170609_212241526,20170609_142241526,676570,683690,-1,-1,176,267,-1,3.570206,-1,469.422,-1,-1,0.3657509,0.482857,4,0,176,267,,176,267,,0,,,,940,189,295,676570,125,,,,,,,,,,DL11,BAR
1. Visualization Study 99min,20180125,,,,visualizationstudy,TestImage,ET,20170609_212241742,20170609_142241742,676786,683906,-1,-1,312,379,-1,-1,-1,457.7937,-1,-1,0.3660992,0.4788794,4,0,312,379,,312,379,,0,,,,941,316,387,676786,200,,,,,,,,,,DL11,BAR
1. Visualization Study 99min,20180125,,,,visualizationstudy,TestImage,ET,20170609_212241975,20170609_142241975,677019,684139,361,460,406,437,3.059143,3.141785,431.9609,454.5489,0.4968898,0.4899855,0.3654093,0.4790055,0,0,384,448,,384,448,,0,,,,942,381,453,677019,217,,,,,,,,,,DL11,BAR
1. Visualization Study 99min,20180125,,,,visualizationstudy,TestImage,ET,20170609_212242235,20170609_142242235,677279,684389,436,826,454,820,3.076233,3.240891,439.8107,461.4178,0.4943069,0.4911191,0.3654867,0.4806755,0,0,445,823,,430,859,,0,,,,943,397,855,677276,130,,,,,,,,,,DL11,BAR
1. Visualization Study 99min,20180125,,,,visualizationstudy,TestImage,ET,20170609_212243100,20170609_142243100,678144,685264,1429,176,1335,177,3.515625,3.487335,506.432,494.3494,0.4837889,0.4896137,0.3542672,0.4794717,0,0,1382,176,,1382,176,,0,,,,944,1364,198,678144,125,,,,,,,,,,DL11,BAR
1. Visualization Study 99min,20180125,,,,visualizationstudy,TestImage,ET,20170609_212244100,20170609_142244100,679144,686264,983,896,1005,918,3.36763,3.21785,512.467,499.265,0.4828238,0.4931147,0.3529117,0.4833962,0,0,994,907,,994,907,,0,,,,945,1001,901,679144,100,,,,,,,,,,DL11,BAR
1. Visualization Study 99min,20180125,,,,visualizationstudy,TestImage,ET,20170609_212244550,20170609_142244550,679594,686714,830,874,887,905,3.266113,3.117142,513.0389,499.493,0.4818251,0.4935246,0.3510822,0.4845296,0,0,858,890,,858,890,,0,,,,946,848,902,679594,217,,,,,,,,,,DL11,BAR
1. Visualization Study 99min,20180125,,,,visualizationstudy,TestImage,ET,20170609_212244959,20170609_142244959,680003,687123,-1,-1,994,906,-1,-1,-1,501.4725,-1,-1,0.3506619,0.4848601,4,0,994,906,,994,906,,0,,,,947,981,897,680003,440,,,,,,,,,,DL11,BAR
1. Visualization Study 99min,20180125,,,,visualizationstudy,TestImage,ET,20170609_212245942,20170609_142245942,680986,688106,910,184,-1,-1,-1,-1,496.9161,-1,0.4869778,0.4910873,-1,-1,0,4,910,184,,910,184,,0,,,,949,903,198,680986,112,,,,,,,,,,DL11,BAR
1. Visualization Study 99min,20180125,,,,visualizationstudy,TestImage,ET,20170609_212247416,20170609_142247416,682461,689581,841,817,912,869,-1,-1,515.8006,503.5904,0.4844331,0.4937534,0.354584,0.4844313,0,0,876,843,,876,843,,0,,,,950,880,870,682461,108,,,,,,,,,,DL11,BAR
1. Visualization Study 99min,20180125,,,,visualizationstudy,TestImage,ET,20170609_212247532,20170609_142247532,682577,689697,-1,-1,906,897,-1,-1,-1,503.8248,-1,-1,0.3548786,0.4841048,4,0,906,897,,906,897,,0,,,,951,893,890,682577,143,,,,,,,,,,DL11,BAR
1. Visualization Study 99min,20180125,,,,visualizationstudy,TestImage,ET,20170609_212247716,20170609_142247716,682761,689881,895,882,958,891,-1,-1,511.9832,502.6422,0.4850704,0.4940372,0.3549118,0.4846197,0,0,926,886,,926,886,,0,,,,952,926,894,682761,142,,,,,,,,,,DL11,BAR
1. Visualization Study 99min,20180125,,,,visualizationstudy,TestImage,ET,20170609_212249266,20170609_142249266,684311,691431,-1,-1,465,141,-1,-1,-1,495.8416,-1,-1,0.3610946,0.4826367,4,0,465,141,,465,141,,0,,,,953,452,153,684311,150,,,,,,,,,,DL11,BAR
1. Visualization Study 99min,20180125,,,,visualizationstudy,TestImage,ET,20170609_212249475,20170609_142249475,684520,691639,-1,-1,273,157,-1,3.491745,-1,503.4419,-1,-1,0.3613148,0.4831327,4,0,273,157,,273,157,,0,,,,954,267,158,684520,116,,,,,,,,,,DL11,BAR
1. Visualization Study 99min,20180125,,,,visualizationstudy,TestImage,ET,20170609_212250532,20170609_142250532,685577,692697,1062,871,-1,-1,-1,-1,516.1414,-1,0.48376,0.4957444,-1,-1,0,4,1062,871,,1062,871,,0,,,,955,1058,874,685577,167,,,,,,,,,,DL11,BAR
1. Visualization Study 99min,20180125,,,,visualizationstudy,TestImage,ET,20170609_212251615,20170609_142251615,686660,693780,-1,-1,254,333,-1,-1,-1,462.4095,-1,-1,0.3676271,0.4804781,4,0,254,333,,254,333,,0,,,,956,257,323,686660,112,,,,,,,,,,DL11,BAR
1. Visualization Study 99min,20180125,,,,visualizationstudy,TestImage,ET,20170609_212251765,20170609_142251765,686810,693930,-1,-1,284,373,-1,-1,-1,453.6769,-1,-1,0.3684155,0.4805854,4,0,284,373,,284,373,,0,,,,957,285,334,686810,149,,,,,,,,,,DL11,BAR
1. Visualization Study 99min,20180125,,,,visualizationstudy,TestImage,ET,20170609_212252112,20170609_142252112,687157,694277,-1,-1,228,269,-1,3.25769,-1,474.1793,-1,-1,0.3655705,0.4818347,4,0,228,269,,228,269,,0,,,,958,233,275,687157,125,,,,,,,,,,DL11,BAR
1. Visualization Study 99min,20180125,,,,visualizationstudy,TestImage,ET,20170609_212254813,20170609_142254813,689858,696976,279,783,369,875,3.470917,3.620468,488.4004,492.681,0.4920689,0.4965883,0.362974,0.4852304,0,0,324,829,,324,829,,0,,,,959,342,838,689858,148,,,,,,,,,,DH5,LINE
1. Visualization Study 99min,20180125,,,,visualizationstudy,TestImage,ET,20170609_212255255,20170609_142255255,690300,697418,969,926,1011,953,-1,-1,519.2449,498.627,0.4831483,0.4967403,0.3546929,0.4860797,0,0,990,940,,990,940,,0,,,,960,996,943,690300,136,,,,,,,,,,DH5,LINE
1. Visualization Study 99min,20180125,,,,visualizationstudy,TestImage,ET,20170609_212258410,20170609_142258410,693454,700573,-1,-1,602,822,-1,-1,-1,498.6687,-1,-1,0.3533473,0.4842612,4,0,602,822,,602,822,,0,,,,961,608,824,693454,106,,,,,,,,,,DH5,LINE
1. Visualization Study 99min,20180125,,,,visualizationstudy,TestImage,ET,20170609_212258641,20170609_142258641,693685,700806,641,805,728,826,-1,-1,503.5468,508.7576,0.4841042,0.4954039,0.3532631,0.4849848,0,0,684,816,,684,816,,0,,,,962,679,813,693685,134,,,,,,,,,,DH5,LINE
1. Visualization Study 99min,20180125,,,,visualizationstudy,TestImage,ET,20170609_212300904,20170609_142300904,695948,703068,1267,281,1335,265,3.357407,3.361053,511.0912,500.9476,0.4774876,0.4932658,0.347961,0.4831719,0,0,1301,273,,1301,273,,0,,,,963,1319,262,695948,158,,,,,,,,,,DH5,LINE
1. Visualization Study 99min,20180125,,,,visualizationstudy,TestImage,ET,20170609_212302386,20170609_142302386,697430,704551,-1,-1,1195,622,-1,-1,-1,479.3593,-1,-1,0.3471356,0.4832236,4,0,1195,622,,1195,622,,0,,,,964,1191,615,697430,106,,,,,,,,,,DH5,LINE
1. Visualization Study 99min,20180125,,,,visualizationstudy,TestImage,ET,20170609_212307119,20170609_142307119,702164,709284,673,692,727,737,-1,-1,506.0159,498.8979,0.4816539,0.493919,0.3526196,0.4841979,0,0,700,714,,700,714,,0,,,,965,697,694,702164,100,,,,,,,,,,DH5,LINE
1. Visualization Study 99min,20180125,,,,visualizationstudy,TestImage,ET,20170609_212308094,20170609_142308094,703139,710259,676,846,696,806,-1,-1,501.9174,496.2643,0.4820847,0.4946531,0.3514344,0.4850457,0,0,686,826,,686,826,,0,,,,966,671,793,703139,150,,,,,,,,,,DH5,LINE
1. Visualization Study 99min,20180125,,,,visualizationstudy,TestImage,ET,20170609_212308494,20170609_142308494,703539,710659,1468,647,-1,-1,-1,-1,518.5835,-1,0.4750192,0.4949209,-1,-1,0,4,1468,647,,1468,647,,0,,,,967,1467,654,703539,141,,,,,,,,,,DH5,LINE
1. Visualization Study 99min,20180125,,,,visualizationstudy,TestImage,ET,20170609_212308644,20170609_142308644,703689,710809,1440,670,-1,-1,-1,-1,503.1187,-1,0.474373,0.4949197,-1,-1,0,4,1440,670,,1440,670,,0,,,,968,1458,672,703689,618,,,,,,,,,,DH5,LINE
1. Visualization Study 99min,20180125,,,,visualizationstudy,TestImage,ET,20170609_212309269,20170609_142309269,704314,711434,1420,692,-1,-1,-1,-1,498.8296,-1,0.4738289,0.4957698,-1,-1,0,4,1420,692,,1420,692,,0,,,,969,1422,688,704314,334,,,,,,,,,,DH5,LINE
1. Visualization Study 99min,20180125,,,,visualizationstudy,TestImage,ET,20170609_212309769,20170609_142309769,704814,711934,1408,677,-1,-1,-1,-1,505.3428,-1,0.4751462,0.4966686,-1,-1,0,4,1408,677,,1408,677,,0,,,,970,1419,672,704814,144,,,,,,,,,,DH5,LINE
1. Visualization Study 99min,20180125,,,,visualizationstudy,TestImage,ET,20170609_212310435,20170609_142310435,705480,712601,-1,-1,571,682,-1,-1,-1,498.579,-1,-1,0.3498235,0.4887109,4,0,571,682,,571,682,,0,,,,971,553,674,705480,167,,,,,,,,,,DH5,LINE
1. Visualization Study 99min,20180125,,,,visualizationstudy,TestImage,ET,20170609_212310744,20170609_142310744,705789,712909,626,757,693,798,-1,-1,503.3568,497.7855,0.4835443,0.4981331,0.3512914,0.4894495,0,0,660,778,,660,778,,0,,,,972,671,775,705789,108,,,,,,,,,,DH5,LINE
1. Visualization Study 99min,20180125,,,,visualizationstudy,TestImage,ET,20170609_212311019,20170609_142311019,706064,713184,1465,592,-1,-1,-1,-1,510.0395,-1,0.4767176,0.4982281,-1,-1,0,4,1465,592,,1465,592,,0,,,,973,1466,585,706064,216,,,,,,,,,,DH5,LINE
1. Visualization Study 99min,20180125,,,,visualizationstudy,TestImage,ET,20170609_212311385,20170609_142311385,706430,713551,1419,556,1472,554,-1,-1,502.5296,487.1153,0.4771143,0.4977887,0.3459368,0.4883852,0,0,1446,555,,1446,555,,0,,,,974,1440,556,706430,197,,,,,,,,,,DH5,LINE
1. Visualization Study 99min,20180125,,,,visualizationstudy,TestImage,ET,20170609_212311618,20170609_142311618,706663,713784,1421,566,-1,-1,-1,-1,498.7716,-1,0.4782104,0.4975735,-1,-1,0,4,1421,566,,1421,566,,0,,,,975,1446,563,706663,261,,,,,,,,,,DH5,LINE
1. Visualization Study 99min,20180125,,,,visualizationstudy,TestImage,ET,20170609_212311944,20170609_142311944,706989,714109,1413,539,-1,-1,-1,-1,496.4409,-1,0.4764773,0.4973011,-1,-1,0,4,1413,539,,1413,539,,0,,,,976,1430,548,706989,283,,,,,,,,,,DH5,LINE
1. Visualization Study 99min,20180125,,,,visualizationstudy,TestImage,ET,20170609_212312593,20170609_142312593,707638,714759,578,747,631,795,-1,-1,504.4398,496.0851,0.4868315,0.4997688,0.3548857,0.4895185,0,0,604,771,,604,771,,0,,,,977,615,768,707638,109,,,,,,,,,,DH5,LINE
1. Visualization Study 99min,20180125,,,,visualizationstudy,TestImage,ET,20170609_212312727,20170609_142312727,707772,714892,670,790,717,810,3.234741,3.259552,506.6211,498.7312,0.4857766,0.499818,0.3536703,0.4892978,0,0,694,800,,694,800,,0,,,,978,685,793,707772,141,,,,,,,,,,DH5,LINE
1. Visualization Study 99min,20180125,,,,visualizationstudy,TestImage,ET,20170609_212313168,20170609_142313168,708213,715334,573,714,636,742,-1,-1,510.6944,500.0922,0.486223,0.4992322,0.3540134,0.4893407,0,0,604,728,,604,728,,0,,,,979,599,731,708213,106,,,,,,,,,,DH5,LINE
1. Visualization Study 99min,20180125,,,,visualizationstudy,TestImage,ET,20170609_212313918,20170609_142313918,708963,716084,1405,544,-1,-1,-1,-1,502.1276,-1,0.4808887,0.499167,-1,-1,0,4,1405,544,,1405,544,,0,,,,980,1424,566,708963,301,,,,,,,,,,DH5,LINE
1. Visualization Study 99min,20180125,,,,visualizationstudy,TestImage,ET,20170609_212314227,20170609_142314227,709272,716392,1411,636,1452,585,2.79628,2.820679,500.4258,491.6015,0.4790658,0.499078,0.3467875,0.4890317,0,0,1432,610,,1432,610,,0,,,,981,1426,632,709272,199,,,,,,,,,,DH5,LINE
1. Visualization Study 99min,20180125,,,,visualizationstudy,TestImage,ET,20170609_212314493,20170609_142314493,709538,716659,1424,689,-1,-1,-1,-1,503.0319,-1,0.477082,0.4990654,-1,-1,0,4,1424,689,,1424,689,,0,,,,982,1431,688,709538,141,,,,,,,,,,DH5,LINE
1. Visualization Study 99min,20180125,,,,visualizationstudy,TestImage,ET,20170609_212314643,20170609_142314643,709688,716809,1404,708,-1,-1,-1,-1,491.4896,-1,0.4774923,0.4989852,-1,-1,0,4,1404,708,,1404,708,,0,,,,983,1410,695,709688,217,,,,,,,,,,DH5,LINE
1. Visualization Study 99min,20180125,,,,visualizationstudy,TestImage,ET,20170609_212314944,20170609_142314944,709988,717109,674,647,722,683,-1,-1,503.5255,486.7149,0.4832377,0.4987526,0.3510104,0.4898088,0,0,698,665,,698,665,,0,,,,984,689,673,709988,125,,,,,,,,,,DH5,LINE
1. Visualization Study 99min,20180125,,,,visualizationstudy,TestImage,ET,20170609_212315544,20170609_142315544,710588,717709,631,712,702,733,-1,-1,501.2979,496.1024,0.4860103,0.4980002,0.3530236,0.4880569,0,0,666,722,,666,722,,0,,,,985,670,720,710588,126,,,,,,,,,,DH5,LINE
1. Visualization Study 99min,20180125,,,,visualizationstudy,TestImage,ET,20170609_212317443,20170609_142317443,712487,719609,-1,-1,549,628,-1,-1,-1,433.8669,-1,-1,0.4274174,0.4512486,4,0,549,628,,549,628,,0,,,,987,548,634,712487,125,,,,,,,,,,DH5,LINE
1. Visualization Study 99min,20180125,,,,visualizationstudy,TestImage,ET,20170609_212318385,20170609_142318385,713429,720550,-1,-1,678,813,-1,-1,-1,472.6381,-1,-1,0.384074,0.4876041,4,0,678,813,,678,813,,0,,,,988,687,802,713429,258,,,,,,,,,,DH5,LINE
1. Visualization Study 99min,20180125,,,,visualizationstudy,TestImage,ET,20170609_212319027,20170609_142319027,714071,721192,670,776,692,812,2.866943,2.910507,475.0068,468.3709,0.5121729,0.4915037,0.3749031,0.4831283,0,0,681,794,,681,794,,0,,,,989,687,798,714071,142,,,,,,,,,,DH5,LINE
1. Visualization Study 99min,20180125,,,,visualizationstudy,TestImage,ET,20170609_212319919,20170609_142319919,714963,722083,-1,-1,681,750,-1,-1,-1,466.2592,-1,-1,0.3698393,0.4786212,4,0,681,750,,681,750,,0,,,,990,684,748,714963,107,,,,,,,,,,DH5,LINE
1. Visualization Study 99min,20180125,,,,visualizationstudy,TestImage,ET,20170609_212320034,20170609_142320034,715078,722200,-1,-1,710,779,-1,-1,-1,467.5378,-1,-1,0.3700378,0.4783998,4,0,710,779,,710,779,,0,,,,991,696,769,715078,109,,,,,,,,,,DH5,LINE
1. Visualization Study 99min,20180125,,,,visualizationstudy,TestImage,ET,20170609_212320435,20170609_142320435,715479,722600,-1,-1,704,794,-1,-1,-1,471.4023,-1,-1,0.3701329,0.478451,4,0,704,794,,704,794,,0,,,,992,693,772,715479,166,,,,,,,,,,DH5,LINE
1. Visualization Study 99min,20180125,,,,visualizationstudy,TestImage,ET,20170609_212320635,20170609_142320635,715679,722800,-1,-1,721,810,-1,-1,-1,473.9548,-1,-1,0.3691095,0.4786572,4,0,721,810,,721,810,,0,,,,993,701,817,715679,117,,,,,,,,,,DH5,LINE
1. Visualization Study 99min,20180125,,,,visualizationstudy,TestImage,ET,20170609_212321251,20170609_142321251,716295,723417,-1,-1,1320,304,-1,2.999512,-1,453.232,-1,-1,0.347219,0.4754691,4,0,1320,304,,1320,304,,0,,,,994,1318,287,716295,175,,,,,,,,,,DH5,LINE
1. Visualization Study 99min,20180125,,,,visualizationstudy,TestImage,ET,20170609_212321505,20170609_142321505,716549,723667,800,932,900,922,3.05954,2.966507,466.8336,465.2256,0.4865218,0.4831704,0.3516796,0.4778737,0,0,850,927,,850,927,,0,,,,995,832,940,716549,146,,,,,,,,,,DH5,LINE
1. Visualization Study 99min,20180125,,,,visualizationstudy,TestImage,ET,20170609_212321734,20170609_142321734,716778,723900,-1,-1,880,925,-1,-1,-1,475.5299,-1,-1,0.3508446,0.4777808,4,0,880,925,,880,925,,0,,,,996,896,904,716778,243,,,,,,,,,,DH5,LINE
1. Visualization Study 99min,20180125,,,,visualizationstudy,TestImage,ET,20170609_212323118,20170609_142323118,718163,725275,-1,-1,885,925,-1,-1,-1,482.229,-1,-1,0.3471434,0.4792364,4,0,885,925,,885,925,,0,,,,997,879,901,718163,167,,,,,,,,,,DH5,LINE
1. Visualization Study 99min,20180125,,,,visualizationstudy,TestImage,ET,20170609_212324542,20170609_142324542,719587,726700,-1,-1,700,772,-1,-1,-1,475.479,-1,-1,0.355688,0.4795842,4,0,700,772,,700,772,,0,,,,998,690,763,719587,367,,,,,,,,,,DH5,LINE
1. Visualization Study 99min,20180125,,,,visualizationstudy,TestImage,ET,20170609_212326400,20170609_142326400,721445,728558,-1,-1,669,796,-1,-1,-1,479.2637,-1,-1,0.3565497,0.4804291,4,0,669,796,,669,796,,0,,,,999,675,778,721445,234,,,,,,,,,,DH5,LINE
1. Visualization Study 99min,20180125,,,,visualizationstudy,TestImage,ET,20170609_212326642,20170609_142326642,721687,728799,-1,-1,691,812,-1,-1,-1,480.8862,-1,-1,0.355136,0.4803883,4,0,691,812,,691,812,,0,,,,1000,678,796,721687,117,,,,,,,,,,DH5,LINE
1. Visualization Study 99min,20180125,,,,visualizationstudy,TestImage,ET,20170609_212327094,20170609_142327094,722139,729249,913,942,942,970,-1,-1,488.5594,478.6801,0.4835633,0.4897043,0.3477555,0.4821286,0,0,928,956,,928,956,,0,,,,1001,949,965,722139,194,,,,,,,,,,DH5,LINE
1. Visualization Study 99min,20180125,,,,visualizationstudy,TestImage,ET,20170609_212329267,20170609_142329267,724312,731424,-1,-1,972,927,-1,-1,-1,485.5103,-1,-1,0.3371962,0.4800685,4,0,972,927,,972,927,,0,,,,1002,949,930,724312,200,,,,,,,,,,CL3,BAR
1. Visualization Study 99min,20180125,,,,visualizationstudy,TestImage,ET,20170609_212332958,20170609_142332958,728002,735112,1455,499,-1,-1,3.359604,-1,496.554,-1,0.4657499,0.4897841,-1,-1,0,4,1455,499,,1455,499,,0,,,,1003,1426,491,728002,231,,,,,,,,,,CL3,BAR
1. Visualization Study 99min,20180125,,,,visualizationstudy,TestImage,ET,20170609_212334280,20170609_142334280,729324,736446,-1,-1,460,679,-1,-1,-1,483.6895,-1,-1,0.346375,0.4838757,4,0,460,679,,460,679,,0,,,,1004,434,669,729324,751,,,,,,,,,,CL3,BAR
1. Visualization Study 99min,20180125,,,,visualizationstudy,TestImage,ET,20170609_212335339,20170609_142335339,730383,737504,1403,563,-1,-1,-1,-1,497.8385,-1,0.4690017,0.491899,-1,-1,0,4,1403,563,,1403,563,,0,,,,1005,1421,590,730383,161,,,,,,,,,,CL3,BAR
1. Visualization Study 99min,20180125,,,,visualizationstudy,TestImage,ET,20170609_212335638,20170609_142335638,730682,737804,1401,591,-1,-1,-1,-1,499.2667,-1,0.4682852,0.4920908,-1,-1,0,4,1401,591,,1401,591,,0,,,,1006,1415,597,730682,100,,,,,,,,,,CL3,BAR
1. Visualization Study 99min,20180125,,,,visualizationstudy,TestImage,ET,20170609_212337988,20170609_142337988,733032,740154,633,789,711,861,-1,-1,508.8922,497.331,0.4763967,0.4939367,0.3446027,0.486547,0,0,672,825,,672,825,,0,,,,1007,664,809,733032,517,,,,,,,,,,CL3,BAR
1. Visualization Study 99min,20180125,,,,visualizationstudy,TestImage,ET,20170609_212339512,20170609_142339512,734557,741678,693,215,-1,-1,-1,-1,475.3653,-1,0.4821548,0.490477,-1,-1,0,4,693,215,,693,215,,0,,,,1009,687,213,734557,311,,,,,,,,,,CL3,BAR
1. Visualization Study 99min,20180125,,,,visualizationstudy,TestImage,ET,20170609_212341210,20170609_142341210,736255,743262,679,155,-1,-1,3.568817,-1,511.5341,-1,0.4823431,0.4916283,-1,-1,0,4,679,155,,680,94,,0,,,,1010,682,106,736255,141,,,,,,,,,,CL3,BAR
1. Visualization Study 99min,20180125,,,,visualizationstudy,TestImage,ET,20170609_212342215,20170609_142342215,737260,744370,-1,-1,990,904,-1,-1,-1,499.1985,-1,-1,0.3458977,0.4871159,4,0,990,904,,990,904,,0,,,,1012,973,895,737260,107,,,,,,,,,,CL3,BAR
1. Visualization Study 99min,20180125,,,,visualizationstudy,TestImage,ET,20170609_212349925,20170609_142349925,744969,752084,624,795,673,841,-1,-1,515.2214,497.7605,0.4737907,0.4947779,0.3441551,0.4878106,0,0,648,818,,648,818,,0,,,,1013,646,810,744969,143,,,,,,,,,,CL11,LINE
1. Visualization Study 99min,20180125,,,,visualizationstudy,TestImage,ET,20170609_212350118,20170609_142350118,745162,752284,489,770,603,833,-1,-1,514.9941,494.4218,0.476364,0.4950287,0.3465687,0.4874415,0,0,546,802,,546,802,,0,,,,1014,550,803,745162,144,,,,,,,,,,CL11,LINE
1. Visualization Study 99min,20180125,,,,visualizationstudy,TestImage,ET,20170609_212350727,20170609_142350727,745771,752892,569,575,659,630,3.044937,3.004959,508.4989,498.6396,0.4811499,0.4955914,0.3501137,0.4863628,0,0,614,602,,614,602,,0,,,,1016,648,614,745771,100,,,,,,,,,,CL11,LINE
1. Visualization Study 99min,20180125,,,,visualizationstudy,TestImage,ET,20170609_212350911,20170609_142350911,745955,753075,1374,620,-1,-1,-1,-1,502.6544,-1,0.4748285,0.4962362,-1,-1,0,4,1374,620,,1374,620,,0,,,,1017,1392,604,745955,116,,,,,,,,,,CL11,LINE
1. Visualization Study 99min,20180125,,,,visualizationstudy,TestImage,ET,20170609_212351302,20170609_142351302,746346,753467,1441,661,1494,635,2.897858,2.879807,503.0709,490.9304,0.4706312,0.49614,0.3392767,0.4891424,0,0,1468,648,,1468,648,,0,,,,1018,1468,658,746346,157,,,,,,,,,,CL11,LINE
1. Visualization Study 99min,20180125,,,,visualizationstudy,TestImage,ET,20170609_212351521,20170609_142351521,746565,753683,1402,652,-1,-1,-1,-1,500.1207,-1,0.470658,0.4959823,-1,-1,0,4,1402,652,,1402,652,,0,,,,1019,1422,661,746565,272,,,,,,,,,,CL11,LINE
1. Visualization Study 99min,20180125,,,,visualizationstudy,TestImage,ET,20170609_212351805,20170609_142351805,746849,753967,1437,637,1480,633,2.894302,2.927368,507.4895,492.4235,0.4683593,0.4959966,0.3367613,0.4893605,0,0,1458,635,,1458,635,,0,,,,1020,1472,636,746849,129,,,,,,,,,,CL11,LINE
1. Visualization Study 99min,20180125,,,,visualizationstudy,TestImage,ET,20170609_212351942,20170609_142351942,746986,754108,1461,668,-1,-1,-1,-1,502.2047,-1,0.4686582,0.4961251,-1,-1,0,4,1461,668,,1461,668,,0,,,,1021,1471,666,746986,125,,,,,,,,,,CL11,LINE
1. Visualization Study 99min,20180125,,,,visualizationstudy,TestImage,ET,20170609_212352792,20170609_142352792,747836,754958,610,801,692,847,-1,-1,503.9729,496.0453,0.4799839,0.4977724,0.3483427,0.489855,0,0,651,824,,651,824,,0,,,,1022,657,818,747836,117,,,,,,,,,,CL11,LINE
1. Visualization Study 99min,20180125,,,,visualizationstudy,TestImage,ET,20170609_212352926,20170609_142352926,747970,755092,517,811,584,842,3.064926,3.045105,506.7195,500.541,0.4826277,0.4984683,0.3507357,0.489398,0,0,550,826,,550,826,,0,,,,1023,551,827,747970,116,,,,,,,,,,CL11,LINE
1. Visualization Study 99min,20180125,,,,visualizationstudy,TestImage,ET,20170609_212353701,20170609_142353701,748745,755867,637,577,694,648,3.004807,3.000916,502.9615,496.3584,0.4880268,0.497831,0.3559637,0.4873205,0,0,666,612,,666,612,,0,,,,1024,672,609,748745,526,,,,,,,,,,CL11,LINE
1. Visualization Study 99min,20180125,,,,visualizationstudy,TestImage,ET,20170609_212356025,20170609_142356025,751069,758191,504,174,549,224,2.796402,2.809219,508.0344,493.3226,0.4892901,0.4946428,0.3588331,0.4833774,0,0,526,199,,526,199,,0,,,,1027,515,203,751069,225,,,,,,,,,,CL11,LINE
1. Visualization Study 99min,20180125,,,,visualizationstudy,TestImage,ET,20170609_212356575,20170609_142356575,751619,758741,628,92,-1,-1,2.948273,-1,505.9204,-1,0.4877548,0.4941653,-1,-1,0,4,628,92,,628,92,,0,,,,1028,640,102,751619,352,,,,,,,,,,CL11,LINE
1. Visualization Study 99min,20180125,,,,visualizationstudy,TestImage,ET,20170609_212357768,20170609_142357768,752813,759933,708,864,755,906,-1,-1,507.021,499.3327,0.4839029,0.4970022,0.3547054,0.4864172,0,0,732,885,,732,885,,0,,,,1029,741,883,752813,107,,,,,,,,,,CL11,LINE
1. Visualization Study 99min,20180125,,,,visualizationstudy,TestImage,ET,20170609_212358276,20170609_142358276,753321,760441,573,858,660,916,3.165497,3.119614,511.2921,504.1382,0.4860608,0.4979645,0.3556123,0.4867465,0,0,616,887,,616,887,,0,,,,1030,606,888,753321,873,,,,,,,,,,CL11,LINE
1. Visualization Study 99min,20180125,,,,visualizationstudy,TestImage,ET,20170609_212359533,20170609_142359533,754578,761699,504,810,619,846,-1,-1,503.6023,495.2101,0.4839118,0.4987124,0.3545397,0.4870647,0,0,562,828,,562,828,,0,,,,1031,569,835,754578,133,,,,,,,,,,CL11,LINE
1. Visualization Study 99min,20180125,,,,visualizationstudy,TestImage,ET,20170609_212359888,20170609_142359888,754933,762049,-1,-1,572,911,-1,-1,-1,500.3577,-1,-1,0.3534151,0.487365,4,0,572,911,,572,911,,0,,,,1032,552,895,754933,345,,,,,,,,,,CL11,LINE
1. Visualization Study 99min,20180125,,,,visualizationstudy,TestImage,ET,20170609_212400700,20170609_142400700,755745,762866,622,577,653,626,3.177002,3.059647,503.9748,495.2201,0.4888053,0.4978834,0.3572967,0.486328,0,0,638,602,,638,602,,0,,,,1033,669,595,755745,275,,,,,,,,,,CL11,LINE
1. Visualization Study 99min,20180125,,,,visualizationstudy,TestImage,ET,20170609_212402932,20170609_142402932,757977,765099,591,797,-1,-1,-1,-1,498.7169,-1,0.4867474,0.4991519,-1,-1,0,4,591,797,,591,797,,0,,,,1034,606,801,757977,144,,,,,,,,,,CL11,LINE
1. Visualization Study 99min,20180125,,,,visualizationstudy,TestImage,ET,20170609_212404057,20170609_142404057,759102,766224,-1,-1,547,174,-1,-1,-1,505.2391,-1,-1,0.3545438,0.4855156,4,0,547,174,,547,174,,0,,,,1035,533,169,759102,100,,,,,,,,,,CL11,LINE
1. Visualization Study 99min,20180125,,,,visualizationstudy,TestImage,ET,20170609_212404416,20170609_142404416,759461,766582,981,987,988,994,-1,-1,496.2929,487.2566,0.4816957,0.499339,0.3534168,0.4885189,0,0,984,990,,984,990,,0,,,,1036,985,997,759461,121,,,,,,,,,,CL11,LINE
1. Visualization Study 99min,20180125,,,,visualizationstudy,TestImage,ET,20170609_212405341,20170609_142405341,760386,767507,641,585,697,639,-1,-1,504.9727,496.5573,0.4821708,0.4973374,0.3500025,0.4873238,0,0,669,612,,669,612,,0,,,,1037,672,612,760386,185,,,,,,,,,,CL11,LINE
1. Visualization Study 99min,20180125,,,,visualizationstudy,TestImage,ET,20170609_212412229,20170609_142412229,767273,774395,1118,814,-1,-1,-1,-1,510.5303,-1,0.4720492,0.4967799,-1,-1,0,4,1118,814,,1118,814,,0,,,,1038,1127,824,767273,116,,,,,,,,,,CH5,LINE
1. Visualization Study 99min,20180125,,,,visualizationstudy,TestImage,ET,20170609_212412570,20170609_142412570,767614,774736,1461,666,1470,686,-1,-1,515.0876,490.3153,0.4670108,0.4965442,0.3370084,0.4874034,0,0,1466,676,,1466,676,,0,,,,1039,1452,671,767614,410,,,,,,,,,,CH5,LINE
1. Visualization Study 99min,20180125,,,,visualizationstudy,TestImage,ET,20170609_212413028,20170609_142413028,768072,775195,1435,597,-1,-1,-1,-1,500.556,-1,0.4677981,0.4960863,-1,-1,0,4,1435,597,,1435,597,,0,,,,1040,1455,610,768072,117,,,,,,,,,,CH5,LINE
1. Visualization Study 99min,20180125,,,,visualizationstudy,TestImage,ET,20170609_212413162,20170609_142413162,768206,775328,1429,590,1490,617,3.139465,3.071289,498.9504,483.8855,0.4674444,0.4962611,0.3356322,0.4885598,0,0,1460,604,,1460,604,,0,,,,1041,1455,596,768206,192,,,,,,,,,,CH5,LINE
1. Visualization Study 99min,20180125,,,,visualizationstudy,TestImage,ET,20170609_212413412,20170609_142413412,768456,775578,1445,525,1502,552,3.203049,3.111374,498.6445,481.9683,0.4674056,0.4957694,0.3359334,0.4885705,0,0,1474,538,,1474,538,,0,,,,1042,1448,528,768456,225,,,,,,,,,,CH5,LINE
1. Visualization Study 99min,20180125,,,,visualizationstudy,TestImage,ET,20170609_212413764,20170609_142413764,768808,775928,1480,510,1550,517,3.173981,3.158279,495.2644,480.3134,0.4677299,0.4960824,0.3361175,0.4890462,0,0,1515,514,,1515,514,,0,,,,1043,1507,515,768808,105,,,,,,,,,,CH5,LINE
1. Visualization Study 99min,20180125,,,,visualizationstudy,TestImage,ET,20170609_212413887,20170609_142413887,768931,776053,1440,515,1454,567,3.154068,3.097443,493.8414,474.5265,0.4677339,0.4959598,0.3361411,0.488925,0,0,1447,541,,1447,541,,0,,,,1044,1427,531,768931,252,,,,,,,,,,CH5,LINE
1. Visualization Study 99min,20180125,,,,visualizationstudy,TestImage,ET,20170609_212414312,20170609_142414312,769357,776478,1481,508,1539,552,3.227295,3.17247,495.8762,471.429,0.4657441,0.4960738,0.3347624,0.489365,0,0,1510,530,,1510,530,,0,,,,1045,1517,528,769357,271,,,,,,,,,,CH5,LINE
1. Visualization Study 99min,20180125,,,,visualizationstudy,TestImage,ET,20170609_212414745,20170609_142414745,769790,776911,1046,647,1104,707,-1,-1,499.8406,481.8391,0.4674286,0.4968109,0.3357216,0.4892555,0,0,1075,677,,1075,677,,0,,,,1046,1077,654,769790,103,,,,,,,,,,CH5,LINE
1. Visualization Study 99min,20180125,,,,visualizationstudy,TestImage,ET,20170609_212415103,20170609_142415103,770148,777269,1034,530,-1,-1,-1,-1,508.5863,-1,0.4686731,0.4957685,-1,-1,0,4,1034,530,,1034,530,,0,,,,1047,1035,537,770148,158,,,,,,,,,,CH5,LINE
1. Visualization Study 99min,20180125,,,,visualizationstudy,TestImage,ET,20170609_212415998,20170609_142415998,771043,778161,1127,823,1189,780,-1,-1,506.6541,491.3905,0.4702569,0.4978541,0.3382264,0.4893988,0,0,1158,802,,1158,802,,0,,,,1048,1141,823,771043,155,,,,,,,,,,CH5,LINE
1. Visualization Study 99min,20180125,,,,visualizationstudy,TestImage,ET,20170609_212416178,20170609_142416178,771223,778344,1113,815,-1,-1,-1,-1,507.5613,-1,0.4706539,0.4974576,-1,-1,0,4,1113,815,,1113,815,,0,,,,1049,1136,833,771223,117,,,,,,,,,,CH5,LINE
1. Visualization Study 99min,20180125,,,,visualizationstudy,TestImage,ET,20170609_212416406,20170609_142416406,771451,778561,1129,774,-1,-1,-1,-1,509.8975,-1,0.471232,0.4978735,-1,-1,0,4,1129,774,,1151,794,,0,,,,1050,1143,796,771438,102,,,,,,,,,,CH5,LINE
1. Visualization Study 99min,20180125,,,,visualizationstudy,TestImage,ET,20170609_212416653,20170609_142416653,771698,778819,1152,566,-1,-1,-1,-1,509.644,-1,0.4717416,0.4964818,-1,-1,0,4,1152,566,,1152,566,,0,,,,1051,1150,557,771698,233,,,,,,,,,,CH5,LINE
1. Visualization Study 99min,20180125,,,,visualizationstudy,TestImage,ET,20170609_212419237,20170609_142419237,774282,781402,-1,-1,1206,471,-1,3.066452,-1,488.6563,-1,-1,0.3402892,0.4850297,4,0,1206,471,,1206,471,,0,,,,1052,1202,471,774282,181,,,,,,,,,,CH5,LINE
1. Visualization Study 99min,20180125,,,,visualizationstudy,TestImage,ET,20170609_212419853,20170609_142419853,774898,782019,1179,788,-1,-1,-1,-1,510.668,-1,0.4678763,0.4945043,-1,-1,0,4,1179,788,,1179,788,,0,,,,1053,1205,791,774898,116,,,,,,,,,,CH5,LINE
1. Visualization Study 99min,20180125,,,,visualizationstudy,TestImage,ET,20170609_212419986,20170609_142419986,775031,782152,1173,793,1211,795,3.306931,3.228287,512.1216,496.1937,0.467768,0.4944484,0.3363921,0.4867179,0,0,1192,794,,1192,794,,0,,,,1054,1190,788,775031,108,,,,,,,,,,CH5,LINE
1. Visualization Study 99min,20180125,,,,visualizationstudy,TestImage,ET,20170609_212420351,20170609_142420351,775396,782511,-1,-1,1215,578,-1,-1,-1,496.7747,-1,-1,0.3371049,0.485485,4,0,1215,578,,1215,578,,0,,,,1055,1202,578,775396,135,,,,,,,,,,CH5,LINE
1. Visualization Study 99min,20180125,,,,visualizationstudy,TestImage,ET,20170609_212421077,20170609_142421077,776122,783244,977,896,-1,-1,-1,-1,510.8436,-1,0.4715587,0.495924,-1,-1,0,4,977,896,,977,896,,0,,,,1056,991,893,776122,192,,,,,,,,,,CH5,LINE
1. Visualization Study 99min,20180125,,,,visualizationstudy,TestImage,ET,20170609_212421277,20170609_142421277,776322,783444,957,880,-1,-1,-1,-1,513.3177,-1,0.4715047,0.4962105,-1,-1,0,4,957,880,,957,880,,0,,,,1057,974,890,776322,109,,,,,,,,,,CH5,LINE
1. Visualization Study 99min,20180125,,,,visualizationstudy,TestImage,ET,20170609_212421427,20170609_142421427,776472,783594,1175,554,-1,-1,-1,-1,512.7379,-1,0.4699148,0.4942516,-1,-1,0,4,1175,554,,1175,554,,0,,,,1058,1161,552,776472,218,,,,,,,,,,CH5,LINE
1. Visualization Study 99min,20180125,,,,visualizationstudy,TestImage,ET,20170609_212422227,20170609_142422227,777272,784394,921,896,-1,-1,-1,-1,511.3865,-1,0.4706269,0.4961805,-1,-1,0,4,921,896,,921,896,,0,,,,1059,947,902,777272,191,,,,,,,,,,CH5,LINE
1. Visualization Study 99min,20180125,,,,visualizationstudy,TestImage,ET,20170609_212422427,20170609_142422427,777472,784594,898,902,916,908,-1,-1,513.9626,497.6675,0.4703636,0.4959569,0.3384933,0.4886171,0,0,907,905,,907,905,,0,,,,1060,912,895,777472,140,,,,,,,,,,CH5,LINE
1. Visualization Study 99min,20180125,,,,visualizationstudy,TestImage,ET,20170609_212422753,20170609_142422753,777798,784919,678,870,727,913,-1,-1,510.5639,497.4753,0.4719431,0.496357,0.3398427,0.4890316,0,0,702,892,,702,892,,0,,,,1061,698,888,777798,140,,,,,,,,,,CH5,LINE
1. Visualization Study 99min,20180125,,,,visualizationstudy,TestImage,ET,20170609_212424010,20170609_142424010,779055,786177,-1,-1,947,904,-1,3.205063,-1,499.4889,-1,-1,0.3420305,0.4900507,4,0,947,904,,947,904,,0,,,,1063,926,902,779055,233,,,,,,,,,,CH5,LINE
1. Visualization Study 99min,20180125,,,,visualizationstudy,TestImage,ET,20170609_212424253,20170609_142424253,779298,786419,894,911,-1,-1,-1,-1,510.5024,-1,0.4732135,0.4984158,-1,-1,0,4,894,911,,894,911,,0,,,,1064,918,901,779298,258,,,,,,,,,,CH5,LINE
1. Visualization Study 99min,20180125,,,,visualizationstudy,TestImage,ET,20170609_212424518,20170609_142424518,779563,786685,-1,-1,950,918,-1,-1,-1,496.4104,-1,-1,0.3383937,0.4903107,4,0,950,918,,950,918,,0,,,,1065,936,908,779563,127,,,,,,,,,,CH5,LINE
1. Visualization Study 99min,20180125,,,,visualizationstudy,TestImage,ET,20170609_212425248,20170609_142425248,780292,787410,-1,-1,559,916,-1,-1,-1,500.1321,-1,-1,0.3410777,0.4902537,4,0,559,916,,559,916,,0,,,,1066,547,912,780292,109,,,,,,,,,,CH5,LINE
1. Visualization Study 99min,20180125,,,,visualizationstudy,TestImage,ET,20170609_212425411,20170609_142425411,780455,787577,1120,497,-1,-1,3.322098,-1,509.1579,-1,0.4696836,0.4964669,-1,-1,0,4,1120,497,,1120,497,,0,,,,1067,1133,488,780455,149,,,,,,,,,,CH5,LINE
1. Visualization Study 99min,20180125,,,,visualizationstudy,TestImage,ET,20170609_212425561,20170609_142425561,780605,787727,1153,472,1178,491,3.32988,3.304871,506.6853,502.2144,0.4700066,0.49635,0.3364391,0.4882314,0,0,1166,482,,1166,482,,0,,,,1068,1161,485,780605,249,,,,,,,,,,CH5,LINE
1. Visualization Study 99min,20180125,,,,visualizationstudy,TestImage,ET,20170609_212425902,20170609_142425902,780946,788069,1180,438,-1,-1,-1,-1,506.2904,-1,0.4687805,0.4961937,-1,-1,0,4,1180,438,,1180,438,,0,,,,1069,1186,454,780946,108,,,,,,,,,,CH5,LINE
1. Visualization Study 99min,20180125,,,,visualizationstudy,TestImage,ET,20170609_212427219,20170609_142427219,782263,789385,-1,-1,832,924,-1,-1,-1,492.8693,-1,-1,0.33957,0.4907926,4,0,832,924,,832,924,,0,,,,1070,817,916,782263,108,,,,,,,,,,CH5,LINE
1. Visualization Study 99min,20180125,,,,visualizationstudy,TestImage,ET,20170609_212427669,20170609_142427669,782713,789835,-1,-1,873,919,-1,-1,-1,496.4665,-1,-1,0.3370425,0.4908096,4,0,873,919,,873,919,,0,,,,1071,835,904,782713,216,,,,,,,,,,CH5,LINE
1. Visualization Study 99min,20180125,,,,visualizationstudy,TestImage,ET,20170609_212428038,20170609_142428038,783082,790202,-1,-1,1204,370,-1,3.088638,-1,498.3032,-1,-1,0.3366774,0.4888258,4,0,1204,370,,1204,370,,0,,,,1072,1191,381,783082,157,,,,,,,,,,CH5,LINE
1. Visualization Study 99min,20180125,,,,visualizationstudy,TestImage,ET,20170609_212428378,20170609_142428378,783422,790543,767,850,810,928,-1,-1,497.4631,481.8598,0.4698255,0.4985588,0.3392738,0.4911726,0,0,788,889,,788,889,,0,,,,1073,790,893,783422,133,,,,,,,,,,CH5,LINE
1. Visualization Study 99min,20180125,,,,visualizationstudy,TestImage,ET,20170609_212428563,20170609_142428563,783607,790727,819,865,843,941,3.175949,3.084488,511.8612,494.9172,0.4698255,0.4990977,0.3375273,0.4910853,0,0,831,903,,831,903,,0,,,,1074,844,910,783607,139,,,,,,,,,,CH5,LINE
1. Visualization Study 99min,20180125,,,,visualizationstudy,TestImage,ET,20170609_212428893,20170609_142428893,783937,791060,-1,-1,785,921,-1,-1,-1,493.9984,-1,-1,0.3397147,0.4910096,4,0,785,921,,785,921,,0,,,,1075,776,916,783937,117,,,,,,,,,,CH5,LINE
1. Visualization Study 99min,20180125,,,,visualizationstudy,TestImage,ET,20170609_212429019,20170609_142429019,784063,791185,788,877,853,921,-1,-1,493.3055,496.2385,0.4718921,0.4995715,0.3379633,0.4910777,0,0,820,899,,820,899,,0,,,,1076,831,895,784063,116,,,,,,,,,,CH5,LINE
1. Visualization Study 99min,20180125,,,,visualizationstudy,TestImage,ET,20170609_212429552,20170609_142429552,784596,791718,486,896,505,889,-1,-1,499.6047,495.7204,0.4755503,0.4995492,0.3418465,0.4914368,0,0,496,892,,496,892,,0,,,,1077,493,906,784596,200,,,,,,,,,,CH5,LINE
1. Visualization Study 99min,20180125,,,,visualizationstudy,TestImage,ET,20170609_212429853,20170609_142429853,784897,792018,1165,422,-1,-1,-1,-1,505.3153,-1,0.4667114,0.4968215,-1,-1,0,4,1165,422,,1165,422,,0,,,,1078,1158,440,784897,111,,,,,,,,,,CH5,LINE
1. Visualization Study 99min,20180125,,,,visualizationstudy,TestImage,ET,20170609_212429970,20170609_142429970,785014,792135,-1,-1,1170,476,-1,-1,-1,493.3124,-1,-1,0.3326187,0.4889449,4,0,1170,476,,1170,476,,0,,,,1079,1155,465,785014,215,,,,,,,,,,CH5,LINE
1. Visualization Study 99min,20180125,,,,visualizationstudy,TestImage,ET,20170609_212430352,20170609_142430352,785396,792518,1167,317,-1,-1,-1,-1,511.1043,-1,0.4679771,0.4954002,-1,-1,0,4,1167,317,,1167,317,,0,,,,1080,1185,328,785396,183,,,,,,,,,,CH5,LINE
1. Visualization Study 99min,20180125,,,,visualizationstudy,TestImage,ET,20170609_212430565,20170609_142430565,785609,792727,1171,322,1201,340,3.328827,3.279312,509.6773,497.5439,0.4695796,0.4957713,0.336871,0.4877538,0,0,1186,331,,1186,331,,0,,,,1081,1196,337,785609,223,,,,,,,,,,CH5,LINE
1. Visualization Study 99min,20180125,,,,visualizationstudy,TestImage,ET,20170609_212430801,20170609_142430801,785845,792968,1204,429,-1,-1,-1,-1,506.9955,-1,0.4687897,0.4952992,-1,-1,0,4,1204,429,,1204,429,,0,,,,1082,1180,455,785845,409,,,,,,,,,,CH5,LINE
1. Visualization Study 99min,20180125,,,,visualizationstudy,TestImage,ET,20170609_212431435,20170609_142431435,786479,793601,1138,537,1183,563,3.254761,3.214523,506.1035,497.8016,0.466747,0.4954081,0.3338808,0.4873379,0,0,1160,550,,1160,550,,0,,,,1083,1144,542,786479,110,,,,,,,,,,CH5,LINE
1. Visualization Study 99min,20180125,,,,visualizationstudy,TestImage,ET,20170609_212434134,20170609_142434134,789179,796301,1182,574,1241,650,3.369888,3.286758,510.9257,485.6807,0.4637497,0.4934789,0.3328708,0.4854954,0,0,1212,612,,1212,612,,0,,,,1084,1207,632,789179,100,,,,,,,,,,CH5,LINE
1. Visualization Study 99min,20180125,,,,visualizationstudy,TestImage,ET,20170609_212434493,20170609_142434493,789538,796660,1058,888,-1,-1,-1,-1,508.8192,-1,0.4659404,0.4958528,-1,-1,0,4,1058,888,,1058,888,,0,,,,1085,1074,888,789538,169,,,,,,,,,,CH5,LINE
1. Visualization Study 99min,20180125,,,,visualizationstudy,TestImage,ET,20170609_212437881,20170609_142437881,792926,800048,1163,597,-1,-1,-1,-1,500.9525,-1,0.4642075,0.4943222,-1,-1,0,4,1163,597,,1163,597,,0,,,,1086,1163,610,792926,205,,,,,,,,,,CH5,LINE
1. Visualization Study 99min,20180125,,,,visualizationstudy,TestImage,ET,20170609_212438549,20170609_142438549,793594,800714,1219,541,1259,569,3.474121,3.433319,510.8139,500.3213,0.4621251,0.4941691,0.331572,0.4864205,0,0,1239,555,,1239,555,,0,,,,1087,1234,544,793594,181,,,,,,,,,,CH5,LINE
1. Visualization Study 99min,20180125,,,,visualizationstudy,TestImage,ET,20170609_212439823,20170609_142439823,794868,801989,895,893,944,911,3.196213,3.145966,509.5696,500.8794,0.4666205,0.4964086,0.3351054,0.4885525,0,0,920,902,,920,902,,0,,,,1088,903,898,794868,127,,,,,,,,,,CH5,LINE
1. Visualization Study 99min,20180125,,,,visualizationstudy,TestImage,ET,20170609_212441314,20170609_142441314,796359,803481,1162,448,-1,-1,-1,-1,507.397,-1,0.46334,0.4942242,-1,-1,0,4,1162,448,,1162,448,,0,,,,1089,1162,456,796359,133,,,,,,,,,,CH5,LINE
1. Visualization Study 99min,20180125,,,,visualizationstudy,TestImage,ET,20170609_212441463,20170609_142441463,796508,803631,1187,431,-1,-1,-1,-1,507.5399,-1,0.463787,0.4942571,-1,-1,0,4,1187,431,,1187,431,,0,,,,1090,1175,433,796508,109,,,,,,,,,,CH5,LINE
1. Visualization Study 99min,20180125,,,,visualizationstudy,TestImage,ET,20170609_212442114,20170609_142442114,797158,804281,967,958,-1,-1,-1,-1,504.6854,-1,0.4665155,0.497161,-1,-1,0,4,967,958,,967,958,,0,,,,1091,980,949,797158,134,,,,,,,,,,CH5,LINE
1. Visualization Study 99min,20180125,,,,visualizationstudy,TestImage,ET,20170609_212442931,20170609_142442931,797975,805097,1000,895,1063,887,-1,-1,514.1217,490.431,0.4599521,0.4960606,0.3323989,0.4878018,0,0,1032,891,,1032,891,,0,,,,1092,1029,921,797975,225,,,,,,,,,,CH5,LINE
1. Visualization Study 99min,20180125,,,,visualizationstudy,TestImage,ET,20170609_212445414,20170609_142445414,800458,807581,465,22,-1,-1,-1,-1,495.8561,-1,0.4694771,0.4924715,0.3380115,0.4843978,0,0,465,22,,465,22,,0,,,,1093,468,23,800458,183,,,,,,,,,,CH8,BAR
1. Visualization Study 99min,20180125,,,,visualizationstudy,TestImage,ET,20170609_212447663,20170609_142447663,802707,809830,-1,-1,532,850,-1,-1,-1,501.2113,-1,-1,0.3401551,0.485175,4,0,532,850,,532,850,,0,,,,1094,535,842,802707,118,,,,,,,,,,CH8,BAR
1. Visualization Study 99min,20180125,,,,visualizationstudy,TestImage,ET,20170609_212453495,20170609_142453495,808540,815663,1560,91,-1,-1,3.071182,-1,460.5456,-1,0.4623252,0.4923154,-1,-1,0,4,1560,91,,1560,91,,0,,,,1096,1564,91,808540,126,,,,,,,,,,CH8,BAR
1. Visualization Study 99min,20180125,,,,visualizationstudy,TestImage,ET,20170609_212455989,20170609_142455989,811034,818155,476,472,556,506,-1,-1,499.3023,495.6432,0.4650137,0.492724,0.3344693,0.4860518,0,0,516,489,,516,489,,0,,,,1097,521,466,811034,106,,,,,,,,,,CH8,BAR
1. Visualization Study 99min,20180125,,,,visualizationstudy,TestImage,ET,20170609_212456713,20170609_142456713,811758,818880,505,436,596,488,-1,-1,499.0238,494.5454,0.4710659,0.4941074,0.3403517,0.4861592,0,0,550,462,,550,462,,0,,,,1098,548,459,811758,107,,,,,,,,,,CH8,BAR
1. Visualization Study 99min,20180125,,,,visualizationstudy,TestImage,ET,20170609_212457320,20170609_142457320,812365,819488,1334,266,-1,-1,3.055923,-1,498.5258,-1,0.4644424,0.4940688,-1,-1,0,4,1334,266,,1334,266,,0,,,,1099,1347,264,812365,175,,,,,,,,,,CH8,BAR
1. Visualization Study 99min,20180125,,,,visualizationstudy,TestImage,ET,20170609_212458086,20170609_142458086,813131,820254,575,487,638,503,-1,-1,492.3,495.7592,0.4701976,0.494499,0.3393751,0.4863232,0,0,606,495,,606,495,,0,,,,1100,606,498,813131,101,,,,,,,,,,CH8,BAR
1. Visualization Study 99min,20180125,,,,visualizationstudy,TestImage,ET,20170609_212458503,20170609_142458503,813548,820671,1378,213,1411,256,-1,-1,497.4427,488.7774,0.4634366,0.4937842,0.3338643,0.4847498,0,0,1394,234,,1394,234,,0,,,,1101,1392,230,813548,167,,,,,,,,,,CH8,BAR
1. Visualization Study 99min,20180125,,,,visualizationstudy,TestImage,ET,20170609_212458728,20170609_142458728,813773,820896,1382,210,-1,-1,-1,-1,502.2083,-1,0.4630995,0.4938997,-1,-1,0,4,1382,210,,1382,210,,0,,,,1102,1386,201,813773,167,,,,,,,,,,CH8,BAR
1. Visualization Study 99min,20180125,,,,visualizationstudy,TestImage,ET,20170609_212458920,20170609_142458920,813965,821088,1381,246,-1,-1,3.273071,-1,508.46,-1,0.4623183,0.4935291,-1,-1,0,4,1381,246,,1381,246,,0,,,,1103,1376,247,813965,109,,,,,,,,,,CH8,BAR
1. Visualization Study 99min,20180125,,,,visualizationstudy,TestImage,ET,20170609_212459588,20170609_142459588,814632,821754,503,569,558,591,-1,-1,496.6199,494.8492,0.4719798,0.4955677,0.3418456,0.4869995,0,0,530,580,,530,580,,0,,,,1104,537,584,814632,108,,,,,,,,,,CH8,BAR
1. Visualization Study 99min,20180125,,,,visualizationstudy,TestImage,ET,20170609_212500737,20170609_142500737,815781,822904,1434,576,-1,-1,-1,-1,506.0959,-1,0.4599364,0.4960485,-1,-1,0,4,1434,576,,1434,576,,0,,,,1105,1455,584,815781,193,,,,,,,,,,CH8,BAR
1. Visualization Study 99min,20180125,,,,visualizationstudy,TestImage,ET,20170609_212501522,20170609_142501522,816566,823688,610,545,694,560,3.281342,3.239639,506.2921,490.2701,0.4668544,0.4965348,0.3361045,0.4891526,0,0,652,552,,652,552,,0,,,,1106,651,554,816566,123,,,,,,,,,,CH8,BAR
1. Visualization Study 99min,20180125,,,,visualizationstudy,TestImage,ET,20170609_212502137,20170609_142502137,817181,824304,1439,498,-1,-1,-1,-1,506.5651,-1,0.4692958,0.4789067,-1,-1,0,4,1439,498,,1439,498,,0,,,,1107,1454,514,817181,267,,,,,,,,,,CH8,BAR
1. Visualization Study 99min,20180125,,,,visualizationstudy,TestImage,ET,20170609_212502454,20170609_142502454,817498,824612,1433,527,1490,536,3.276855,3.255249,502.4943,485.3083,0.4611377,0.4970851,0.3307985,0.4898556,0,0,1462,532,,1439,524,,0,,,,1108,1455,531,817488,109,,,,,,,,,,CH8,BAR
1. Visualization Study 99min,20180125,,,,visualizationstudy,TestImage,ET,20170609_212502571,20170609_142502571,817615,824729,1448,495,-1,-1,-1,-1,502.9513,-1,0.4621484,0.4972047,-1,-1,0,4,1448,495,,1448,495,,0,,,,1109,1454,513,817615,183,,,,,,,,,,CH8,BAR
1. Visualization Study 99min,20180125,,,,visualizationstudy,TestImage,ET,20170609_212502812,20170609_142502812,817856,824979,1427,471,-1,-1,-1,-1,504.8164,-1,0.4623928,0.4972085,-1,-1,0,4,1427,471,,1427,471,,0,,,,1110,1436,493,817856,192,,,,,,,,,,CH8,BAR
1. Visualization Study 99min,20180125,,,,visualizationstudy,TestImage,ET,20170609_212503166,20170609_142503166,818210,825329,1396,503,-1,-1,-1,-1,499.8109,-1,0.4626434,0.4976999,-1,-1,0,4,1396,503,,1396,503,,0,,,,1111,1408,517,818210,337,,,,,,,,,,CH8,BAR
1. Visualization Study 99min,20180125,,,,visualizationstudy,TestImage,ET,20170609_212503521,20170609_142503521,818565,825687,1402,487,1433,539,3.21347,3.132355,500.4242,480.1861,0.4619619,0.4975192,0.3310131,0.4900495,0,0,1418,513,,1418,513,,0,,,,1112,1408,517,818565,107,,,,,,,,,,CH8,BAR
1. Visualization Study 99min,20180125,,,,visualizationstudy,TestImage,ET,20170609_212503820,20170609_142503820,818864,825987,598,492,678,574,3.303391,3.203842,503.8174,484.4113,0.4684767,0.49807,0.3378161,0.4903452,0,0,638,533,,638,533,,0,,,,1113,635,521,818864,125,,,,,,,,,,CH8,BAR
1. Visualization Study 99min,20180125,,,,visualizationstudy,TestImage,ET,20170609_212504070,20170609_142504070,819114,826237,538,466,623,512,3.398087,3.314896,510.5203,496.3763,0.4695955,0.4981683,0.3384381,0.4900072,0,0,580,489,,580,489,,0,,,,1114,551,469,819114,493,,,,,,,,,,CH8,BAR
1. Visualization Study 99min,20180125,,,,visualizationstudy,TestImage,ET,20170609_212504621,20170609_142504621,819665,826787,609,470,691,494,3.051727,3.037186,499.4868,495.3896,0.4694558,0.4977643,0.3379358,0.4896739,0,0,650,482,,650,482,,0,,,,1115,642,495,819665,315,,,,,,,,,,CH8,BAR
1. Visualization Study 99min,20180125,,,,visualizationstudy,TestImage,ET,20170609_212504970,20170609_142504970,820014,827137,502,456,571,500,2.826492,2.880249,497.1571,492.7505,0.4711031,0.4980792,0.3398489,0.4897784,0,0,536,478,,536,478,,0,,,,1116,536,479,820014,100,,,,,,,,,,CH8,BAR
1. Visualization Study 99min,20180125,,,,visualizationstudy,TestImage,ET,20170609_212506203,20170609_142506203,821247,827412,-1,-1,-1,-1,-1,-1,-1,-1,-1,-1,-1,-1,4,4,-1,-1,,1336,326,,0,,,,1117,1336,333,820896,352,,,,,,,,,,CH8,BAR
1. Visualization Study 99min,20180125,,,,visualizationstudy,TestImage,ET,20170609_212506236,20170609_142506236,821280,828404,1435,518,-1,-1,-1,-1,499.2376,-1,0.4636189,0.4975632,-1,-1,0,4,1435,518,,1435,518,,0,,,,1118,1455,535,821280,543,,,,,,,,,,CH8,BAR
1. Visualization Study 99min,20180125,,,,visualizationstudy,TestImage,ET,20170609_212506828,20170609_142506828,821873,828979,1420,581,-1,-1,-1,-1,505.7288,-1,0.4612503,0.4978673,-1,-1,0,4,1420,581,,1438,597,,0,,,,1119,1439,613,821861,404,,,,,,,,,,CH8,BAR
1. Visualization Study 99min,20180125,,,,visualizationstudy,TestImage,ET,20170609_212507361,20170609_142507361,822406,829529,826,652,933,598,-1,-1,512.1843,495.1441,0.465644,0.4978865,0.3348539,0.4902488,0,0,880,625,,880,625,,0,,,,1120,876,632,822406,108,,,,,,,,,,CH8,BAR
1. Visualization Study 99min,20180125,,,,visualizationstudy,TestImage,ET,20170609_212507487,20170609_142507487,822532,829654,838,657,885,668,-1,-1,513.4017,494.9429,0.4663181,0.4980349,0.3355095,0.4902807,0,0,862,662,,862,662,,0,,,,1121,865,656,822532,103,,,,,,,,,,CH8,BAR
1. Visualization Study 99min,20180125,,,,visualizationstudy,TestImage,ET,20170609_212507636,20170609_142507636,822681,829804,1365,593,-1,-1,-1,-1,517.5026,-1,0.4620697,0.4985841,-1,-1,0,4,1365,593,,1365,593,,0,,,,1122,1402,597,822681,251,,,,,,,,,,CH8,BAR
1. Visualization Study 99min,20180125,,,,visualizationstudy,TestImage,ET,20170609_212507895,20170609_142507895,822940,830062,1387,628,1428,642,2.914703,2.87236,500.4805,476.2854,0.4618789,0.498133,0.3317008,0.4899755,0,0,1408,635,,1408,635,,0,,,,1123,1411,612,822940,433,,,,,,,,,,CH8,BAR
1. Visualization Study 99min,20180125,,,,visualizationstudy,TestImage,ET,20170609_212508571,20170609_142508571,823616,830737,878,550,921,578,3.185898,3.149643,511.3755,497.3453,0.4673662,0.4981211,0.3358645,0.4895783,0,0,900,564,,900,564,,0,,,,1124,888,546,823616,150,,,,,,,,,,CH8,BAR
1. Visualization Study 99min,20180125,,,,visualizationstudy,TestImage,ET,20170609_212508836,20170609_142508836,823881,831004,479,569,539,576,-1,-1,498.1945,498.259,0.4719083,0.4984829,0.3399055,0.4900879,0,0,509,572,,509,572,,0,,,,1125,522,581,823881,159,,,,,,,,,,CH8,BAR
1. Visualization Study 99min,20180125,,,,visualizationstudy,TestImage,ET,20170609_212509003,20170609_142509003,824048,831170,-1,-1,567,589,-1,-1,-1,493.8411,-1,-1,0.339864,0.4897825,4,0,567,589,,567,589,,0,,,,1126,549,594,824048,183,,,,,,,,,,CH8,BAR
1. Visualization Study 99min,20180125,,,,visualizationstudy,TestImage,ET,20170609_212509211,20170609_142509211,824256,831379,500,470,577,484,-1,-1,490.9605,490.4011,0.4712896,0.4973494,0.3402016,0.4892048,0,0,538,477,,538,477,,0,,,,1127,536,418,824256,258,,,,,,,,,,CH8,BAR
1. Visualization Study 99min,20180125,,,,visualizationstudy,TestImage,ET,20170609_212509602,20170609_142509602,824647,831770,-1,-1,696,473,-1,-1,-1,496.7313,-1,-1,0.3374377,0.4886966,4,0,696,473,,696,473,,0,,,,1128,680,474,824647,133,,,,,,,,,,CH8,BAR
1. Visualization Study 99min,20180125,,,,visualizationstudy,TestImage,ET,20170609_212509778,20170609_142509778,824823,831945,-1,-1,678,545,-1,-1,-1,491.0566,-1,-1,0.338194,0.4889491,4,0,678,545,,678,545,,0,,,,1129,642,530,824823,533,,,,,,,,,,CH8,BAR
1. Visualization Study 99min,20180125,,,,visualizationstudy,TestImage,ET,20170609_212514351,20170609_142514351,829396,836516,1366,318,-1,-1,-1,-1,493.0649,-1,0.4705046,0.494191,-1,-1,0,4,1366,318,,1366,318,,0,,,,1130,1372,313,829396,197,,,,,,,,,,CH8,BAR
1. Visualization Study 99min,20180125,,,,visualizationstudy,TestImage,ET,20170609_212515165,20170609_142515165,830210,837333,485,486,-1,-1,3.534027,-1,503.2303,-1,0.4731069,0.49495,-1,-1,0,4,485,486,,485,486,,0,,,,1131,485,488,830210,116,,,,,,,,,,CH8,BAR
1. Visualization Study 99min,20180125,,,,visualizationstudy,TestImage,ET,20170609_212515290,20170609_142515290,830335,837458,476,434,564,480,3.570984,3.450516,501.9975,493.9119,0.4738377,0.4947129,0.3436283,0.4852463,0,0,520,457,,520,457,,0,,,,1132,523,460,830335,150,,,,,,,,,,CH8,BAR
1. Visualization Study 99min,20180125,,,,visualizationstudy,TestImage,ET,20170609_212515890,20170609_142515890,830935,838057,539,445,628,479,3.35527,3.278122,499.9637,496.885,0.4757454,0.4951254,0.3445613,0.4848946,0,0,584,462,,584,462,,0,,,,1133,541,460,830935,250,,,,,,,,,,CH8,BAR
1. Visualization Study 99min,20180125,,,,visualizationstudy,TestImage,ET,20170609_212516840,20170609_142516840,831885,839007,496,464,577,507,3.224274,3.143585,497.6782,493.5402,0.4789259,0.4962507,0.3480259,0.4855578,0,0,536,486,,536,486,,0,,,,1134,538,486,831885,125,,,,,,,,,,CH8,BAR
1. Visualization Study 99min,20180125,,,,visualizationstudy,TestImage,ET,20170609_212517082,20170609_142517082,832126,839249,532,462,617,511,-1,-1,495.971,493.1627,0.4790713,0.4959122,0.3477345,0.4858539,0,0,574,486,,574,486,,0,,,,1135,576,491,832126,125,,,,,,,,,,CH8,BAR
1. Visualization Study 99min,20180125,,,,visualizationstudy,TestImage,ET,20170609_212517541,20170609_142517541,832585,839707,505,451,622,506,3.058228,3.044922,503.3145,499.6769,0.4801028,0.4961373,0.3489709,0.4849459,0,0,564,478,,564,478,,0,,,,1136,549,469,832585,174,,,,,,,,,,CH8,BAR
1. Visualization Study 99min,20180125,,,,visualizationstudy,TestImage,ET,20170609_212518018,20170609_142518018,833062,840182,591,494,672,526,2.821884,2.839951,491.2687,487.2944,0.4812219,0.4964123,0.3501108,0.4850924,0,0,632,510,,632,510,,0,,,,1137,639,505,833062,123,,,,,,,,,,CH8,BAR
1. Visualization Study 99min,20180125,,,,visualizationstudy,TestImage,ET,20170609_212518291,20170609_142518291,833335,840457,-1,-1,570,496,-1,2.873077,-1,494.4241,-1,-1,0.3495247,0.4852861,4,0,570,496,,570,496,,0,,,,1138,532,484,833335,461,,,,,,,,,,CH8,BAR
1. Visualization Study 99min,20180125,,,,visualizationstudy,TestImage,ET,20170609_212519391,20170609_142519391,834435,841557,495,470,570,503,3.22699,3.170654,497.7995,493.4471,0.4785864,0.4965846,0.3471003,0.485581,0,0,532,486,,532,486,,0,,,,1139,541,499,834435,125,,,,,,,,,,CH8,BAR
1. Visualization Study 99min,20180125,,,,visualizationstudy,TestImage,ET,20170609_212519673,20170609_142519673,834717,841840,-1,-1,517,833,-1,-1,-1,500.6803,-1,-1,0.3472117,0.4871281,4,0,517,833,,517,833,,0,,,,1140,523,835,834717,133,,,,,,,,,,CH8,BAR
1. Visualization Study 99min,20180125,,,,visualizationstudy,TestImage,ET,20170609_212519856,20170609_142519856,834900,842024,523,551,590,556,-1,-1,492.9328,499.8692,0.4788055,0.4965142,0.3476468,0.4861766,0,0,556,554,,556,554,,0,,,,1141,556,543,834900,109,,,,,,,,,,CH8,BAR
1. Visualization Study 99min,20180125,,,,visualizationstudy,TestImage,ET,20170609_212521730,20170609_142521730,836774,843899,1336,357,-1,-1,-1,-1,492.0218,-1,0.468475,0.4937979,-1,-1,0,4,1336,357,,1336,357,,0,,,,1142,1342,352,836774,151,,,,,,,,,,CH8,BAR
1. Visualization Study 99min,20180125,,,,visualizationstudy,TestImage,ET,20170609_212522023,20170609_142522023,837067,844190,1365,260,-1,-1,-1,-1,497.6763,-1,0.4666336,0.4936694,-1,-1,0,4,1365,260,,1365,260,,0,,,,1143,1366,257,837067,683,,,,,,,,,,CH8,BAR
1. Visualization Study 99min,20180125,,,,visualizationstudy,TestImage,ET,20170609_212522848,20170609_142522848,837892,845015,1364,331,1416,320,-1,-1,491.8689,476.5787,0.4681992,0.493931,0.3381368,0.4834858,0,0,1390,326,,1390,326,,0,,,,1144,1368,316,837892,224,,,,,,,,,,CH8,BAR
1. Visualization Study 99min,20180125,,,,visualizationstudy,TestImage,ET,20170609_212523080,20170609_142523080,838124,845249,1343,296,-1,-1,-1,-1,494.1136,-1,0.4692051,0.4938607,-1,-1,0,4,1343,296,,1343,296,,0,,,,1145,1379,294,838124,293,,,,,,,,,,CH8,BAR
1. Visualization Study 99min,20180125,,,,visualizationstudy,TestImage,ET,20170609_212523381,20170609_142523381,838425,845548,1338,288,-1,-1,-1,-1,493.8694,-1,0.4695828,0.4939656,-1,-1,0,4,1338,288,,1338,288,,0,,,,1146,1346,289,838425,183,,,,,,,,,,CH8,BAR
1. Visualization Study 99min,20180125,,,,visualizationstudy,TestImage,ET,20170609_212524022,20170609_142524022,839066,846190,-1,-1,563,614,-1,-1,-1,493.1949,-1,-1,0.3448825,0.4849831,4,0,563,614,,563,614,,0,,,,1147,545,597,839066,151,,,,,,,,,,CH8,BAR
1. Visualization Study 99min,20180125,,,,visualizationstudy,TestImage,ET,20170609_212526081,20170609_142526081,841126,848248,633,809,707,885,-1,-1,488.3849,473.8033,0.4735882,0.4978134,0.3455828,0.4876461,0,0,670,847,,670,847,,0,,,,1148,665,868,841126,109,,,,,,,,,,CH8,BAR
1. Visualization Study 99min,20180125,,,,visualizationstudy,TestImage,ET,20170609_212526247,20170609_142526247,841292,848415,-1,-1,680,894,-1,-1,-1,497.2369,-1,-1,0.3437267,0.4871916,4,0,680,894,,680,894,,0,,,,1149,677,900,841292,119,,,,,,,,,,CH8,BAR
1. Visualization Study 99min,20180125,,,,visualizationstudy,TestImage,ET,20170609_212526582,20170609_142526582,841627,848748,782,886,833,924,-1,-1,512.0399,502.646,0.4707729,0.4988496,0.3390411,0.4885961,0,0,808,905,,808,905,,0,,,,1150,840,904,841627,107,,,,,,,,,,CH8,BAR
1. Visualization Study 99min,20180125,,,,visualizationstudy,TestImage,ET,20170609_212526880,20170609_142526880,841925,849048,797,895,845,918,-1,-1,510.9135,501.9438,0.4720075,0.499358,0.3400537,0.4890232,0,0,821,906,,821,906,,0,,,,1151,832,912,841925,167,,,,,,,,,,CH8,BAR
1. Visualization Study 99min,20180125,,,,visualizationstudy,TestImage,ET,20170609_212527114,20170609_142527114,842159,849282,811,893,850,934,3.337448,3.209152,513.6137,501.791,0.469921,0.4993653,0.3375272,0.4886648,0,0,830,914,,830,914,,0,,,,1152,824,909,842159,313,,,,,,,,,,CH8,BAR
1. Visualization Study 99min,20180125,,,,visualizationstudy,TestImage,ET,20170609_212530105,20170609_142530105,845150,852273,1349,305,-1,-1,-1,-1,499.0026,-1,0.4649897,0.4972409,-1,-1,0,4,1349,305,,1349,305,,0,,,,1154,1367,309,845150,160,,,,,,,,,,CH8,BAR
1. Visualization Study 99min,20180125,,,,visualizationstudy,TestImage,ET,20170609_212530490,20170609_142530490,845535,852656,1366,312,-1,-1,3.021057,-1,495.2162,-1,0.4654845,0.4968546,-1,-1,0,4,1366,312,,1366,312,,0,,,,1155,1390,314,845535,223,,,,,,,,,,CH8,BAR
1. Visualization Study 99min,20180125,,,,visualizationstudy,TestImage,ET,20170609_212531521,20170609_142531521,846566,853689,-1,-1,1403,220,-1,-1,-1,501.4326,-1,-1,0.3354783,0.4860194,4,0,1403,220,,1403,220,,0,,,,1156,1397,227,846566,150,,,,,,,,,,CH8,BAR
1. Visualization Study 99min,20180125,,,,visualizationstudy,TestImage,ET,20170609_212531804,20170609_142531804,846849,853973,1341,337,-1,-1,-1,-1,497.373,-1,0.4661116,0.4967428,-1,-1,0,4,1341,337,,1341,337,,0,,,,1157,1370,312,846849,109,,,,,,,,,,CH8,BAR
1. Visualization Study 99min,20180125,,,,visualizationstudy,TestImage,ET,20170609_212532071,20170609_142532071,847116,854239,-1,-1,1402,326,-1,-1,-1,485.5361,-1,-1,0.3354166,0.4861652,4,0,1402,326,,1402,326,,0,,,,1158,1375,321,847116,200,,,,,,,,,,CH8,BAR
1. Visualization Study 99min,20180125,,,,visualizationstudy,TestImage,ET,20170609_212533321,20170609_142533321,848366,855489,-1,-1,1432,271,-1,-1,-1,499.9034,-1,-1,0.334849,0.4865666,4,0,1432,271,,1432,271,,0,,,,1159,1408,283,848366,100,,,,,,,,,,CH8,BAR
1. Visualization Study 99min,20180125,,,,visualizationstudy,TestImage,ET,20170609_212533888,20170609_142533888,848933,856056,829,898,885,913,3.504379,3.394592,513.0623,501.7107,0.4702688,0.5000401,0.3393156,0.4891151,0,0,857,906,,857,906,,0,,,,1160,864,914,848933,267,,,,,,,,,,CH8,BAR
1. Visualization Study 99min,20180125,,,,visualizationstudy,TestImage,ET,20170609_212536204,20170609_142536204,851248,858372,1341,343,-1,-1,-1,-1,497.5463,-1,0.4668232,0.4971496,-1,-1,0,4,1341,343,,1341,343,,0,,,,1161,1341,334,851248,142,,,,,,,,,,CH8,BAR
1. Visualization Study 99min,20180125,,,,visualizationstudy,TestImage,ET,20170609_212536496,20170609_142536496,851540,858664,1338,321,1414,302,-1,-1,497.5496,484.4644,0.4637699,0.4949597,0.3329138,0.4850574,0,0,1376,312,,1376,312,,0,,,,1162,1359,301,851540,175,,,,,,,,,,CH8,BAR
1. Visualization Study 99min,20180125,,,,visualizationstudy,TestImage,ET,20170609_212536696,20170609_142536696,851740,858864,1323,302,1398,302,-1,-1,495.2289,479.9986,0.4633791,0.4950325,0.3329633,0.4853578,0,0,1360,302,,1360,302,,0,,,,1163,1344,313,851740,159,,,,,,,,,,CH8,BAR
1. Visualization Study 99min,20180125,,,,visualizationstudy,TestImage,ET,20170609_212536996,20170609_142536996,852040,859164,-1,-1,571,620,-1,-1,-1,493.8509,-1,-1,0.3394024,0.4864808,4,0,571,620,,571,620,,0,,,,1164,548,615,852040,375,,,,,,,,,,CH8,BAR
1. Visualization Study 99min,20180125,,,,visualizationstudy,TestImage,ET,20170609_212539079,20170609_142539079,854123,861247,1359,289,-1,-1,-1,-1,501.4696,-1,0.4605722,0.4955105,-1,-1,0,4,1359,289,,1359,289,,0,,,,1165,1348,306,854123,164,,,,,,,,,,CH8,BAR
1. Visualization Study 99min,20180125,,,,visualizationstudy,TestImage,ET,20170609_212539565,20170609_142539565,854609,861722,484,605,-1,-1,-1,-1,489.7363,-1,0.4678585,0.4969762,-1,-1,0,4,484,605,,-1,-1,,0,,,,1166,505,614,854602,170,,,,,,,,,,CH8,BAR
1. Visualization Study 99min,20180125,,,,visualizationstudy,TestImage,ET,20170609_212540513,20170609_142540513,855557,862680,1280,340,-1,-1,3.501999,-1,499.0543,-1,0.458944,0.4955968,-1,-1,0,4,1280,340,,1280,340,,0,,,,1167,1301,338,855557,100,,,,,,,,,,CH8,BAR
1. Visualization Study 99min,20180125,,,,visualizationstudy,TestImage,ET,20170609_212540646,20170609_142540646,855690,862814,-1,-1,1359,335,-1,-1,-1,488.8124,-1,-1,0.3280226,0.4864847,4,0,1359,335,,1359,335,,0,,,,1168,1349,323,855690,133,,,,,,,,,,CH8,BAR
1. Visualization Study 99min,20180125,,,,visualizationstudy,TestImage,ET,20170609_212540849,20170609_142540849,855893,863014,1366,263,1411,282,-1,-1,498.2121,485.5119,0.4589242,0.4954713,0.3282733,0.4861929,0,0,1388,272,,1388,272,,0,,,,1169,1383,274,855893,274,,,,,,,,,,CH8,BAR
1. Visualization Study 99min,20180125,,,,visualizationstudy,TestImage,ET,20170609_212541705,20170609_142541705,856750,863780,500,610,562,642,3.209747,3.279221,497.7872,503.1316,0.4672537,0.4973273,0.3353022,0.4879738,0,0,531,626,,-1,-1,,0,,,,1171,514,617,856750,124,,,,,,,,,,CH8,BAR
1. Visualization Study 99min,20180125,,,,visualizationstudy,TestImage,ET,20170609_212543237,20170609_142543237,858282,865397,849,890,-1,-1,-1,-1,520.0189,-1,0.4608339,0.4985757,-1,-1,0,4,849,890,,954,882,,0,,,,1172,956,889,858280,203,,,,,,,,,,CH8,BAR
1. Visualization Study 99min,20180125,,,,visualizationstudy,TestImage,ET,20170609_212543554,20170609_142543554,858599,865722,462,475,574,557,-1,-1,520.1304,496.1051,0.4633935,0.4966987,0.3335865,0.4885378,0,0,518,516,,518,516,,0,,,,1173,525,518,858599,100,,,,,,,,,,CH8,BAR
1. Visualization Study 99min,20180125,,,,visualizationstudy,TestImage,ET,20170609_212544212,20170609_142544212,859257,866380,1363,347,-1,-1,3.402328,-1,499.898,-1,0.4588481,0.4961368,-1,-1,0,4,1363,347,,1363,347,,0,,,,1174,1366,328,859257,410,,,,,,,,,,CH8,BAR
1. Visualization Study 99min,20180125,,,,visualizationstudy,TestImage,ET,20170609_212544729,20170609_142544729,859774,866897,590,528,648,555,-1,-1,495.5189,494.5034,0.4648173,0.4965512,0.3334517,0.4881929,0,0,619,542,,619,542,,0,,,,1175,623,538,859774,133,,,,,,,,,,CH8,BAR
1. Visualization Study 99min,20180125,,,,visualizationstudy,TestImage,ET,20170609_212546178,20170609_142546178,861223,868347,841,907,878,913,-1,-1,519.1005,504.9589,0.4596952,0.4982117,0.328301,0.4901122,0,0,860,910,,860,910,,0,,,,1176,873,898,861223,159,,,,,,,,,,CH8,BAR
1. Visualization Study 99min,20180125,,,,visualizationstudy,TestImage,ET,20170609_212546470,20170609_142546470,861515,868638,-1,-1,1438,447,-1,-1,-1,498.4309,-1,-1,0.3212301,0.4888117,4,0,1438,447,,1438,447,,0,,,,1177,1414,456,861515,100,,,,,,,,,,CH8,BAR
1. Visualization Study 99min,20180125,,,,visualizationstudy,TestImage,ET,20170609_212546587,20170609_142546587,861632,868755,1346,369,1410,375,3.499161,3.354919,503.5819,490.0264,0.4533179,0.4960561,0.3229477,0.4890633,0,0,1378,372,,1378,372,,0,,,,1178,1394,354,861632,207,,,,,,,,,,CH8,BAR
1. Visualization Study 99min,20180125,,,,visualizationstudy,TestImage,ET,20170609_212549952,20170609_142549952,864997,872121,913,65,-1,-1,-1,-1,507.8442,-1,0.4538145,0.5023872,-1,-1,0,4,913,65,,913,65,,0,,,,1179,919,75,864997,200,,,,,,,,,,DL5,LINE
1. Visualization Study 99min,20180125,,,,visualizationstudy,TestImage,ET,20170609_212552537,20170609_142552537,867581,874704,1312,178,1337,191,3.005722,3.03273,503.9789,492.908,0.45349,0.4842009,0.3261976,0.4757517,0,0,1324,184,,1324,184,,0,,,,1180,1302,190,867581,125,,,,,,,,,,DL5,LINE
1. Visualization Study 99min,20180125,,,,visualizationstudy,TestImage,ET,20170609_212554128,20170609_142554128,869172,876296,239,567,336,600,-1,-1,496.8143,490.1738,0.4649974,0.4876997,0.3370817,0.4781117,0,0,288,584,,288,584,,0,,,,1181,274,591,869172,159,,,,,,,,,,DL5,LINE
1. Visualization Study 99min,20180125,,,,visualizationstudy,TestImage,ET,20170609_212555611,20170609_142555611,870655,877779,177,554,222,616,3.307602,3.258667,511.4551,517.4001,0.4671919,0.4902794,0.338805,0.4786701,0,0,200,585,,200,585,,0,,,,1182,196,584,870655,100,,,,,,,,,,DL5,LINE
1. Visualization Study 99min,20180125,,,,visualizationstudy,TestImage,ET,20170609_212555869,20170609_142555869,870913,878037,-1,-1,285,877,-1,-1,-1,493.3202,-1,-1,0.3412678,0.4794258,4,0,285,877,,285,877,,0,,,,1183,263,862,870913,151,,,,,,,,,,DL5,LINE
1. Visualization Study 99min,20180125,,,,visualizationstudy,TestImage,ET,20170609_212558143,20170609_142558143,873187,880312,1260,273,-1,-1,-1,-1,484.5412,-1,0.4621778,0.4908887,-1,-1,0,4,1260,273,,1260,273,,0,,,,1184,1267,246,873187,108,,,,,,,,,,DL5,LINE
1. Visualization Study 99min,20180125,,,,visualizationstudy,TestImage,ET,20170609_212600268,20170609_142600268,875313,882437,-1,-1,296,600,-1,-1,-1,497.6591,-1,-1,0.3404527,0.4813904,4,0,296,600,,296,600,,0,,,,1185,288,609,875313,172,,,,,,,,,,DL5,LINE
1. Visualization Study 99min,20180125,,,,visualizationstudy,TestImage,ET,20170609_212600518,20170609_142600518,875563,882687,-1,-1,426,671,-1,-1,-1,493.3732,-1,-1,0.3402311,0.4814242,4,0,426,671,,426,671,,0,,,,1186,397,649,875563,167,,,,,,,,,,DL5,LINE
1. Visualization Study 99min,20180125,,,,visualizationstudy,TestImage,ET,20170609_212600696,20170609_142600696,875741,882862,-1,-1,426,666,-1,-1,-1,497.0484,-1,-1,0.3403924,0.4814716,4,0,426,666,,426,666,,0,,,,1187,412,652,875741,148,,,,,,,,,,DL5,LINE
1. Visualization Study 99min,20180125,,,,visualizationstudy,TestImage,ET,20170609_212600910,20170609_142600910,875955,883079,-1,-1,669,742,-1,3.271622,-1,500.4531,-1,-1,0.338511,0.4818891,4,0,669,742,,669,742,,0,,,,1188,659,736,875955,217,,,,,,,,,,DL5,LINE
1. Visualization Study 99min,20180125,,,,visualizationstudy,TestImage,ET,20170609_212601894,20170609_142601894,876939,884062,-1,-1,293,618,-1,-1,-1,494.1284,-1,-1,0.338706,0.4817626,4,0,293,618,,293,618,,0,,,,1189,273,611,876939,120,,,,,,,,,,DL5,LINE
1. Visualization Study 99min,20180125,,,,visualizationstudy,TestImage,ET,20170609_212602166,20170609_142602166,877211,884329,237,596,283,606,3.225037,3.221909,484.692,492.5062,0.4684252,0.4937284,0.33936,0.4816385,0,0,260,601,,260,601,,0,,,,1190,255,596,877211,300,,,,,,,,,,DL5,LINE
1. Visualization Study 99min,20180125,,,,visualizationstudy,TestImage,ET,20170609_212602618,20170609_142602618,877663,884787,-1,-1,185,538,-1,-1,-1,486.5446,-1,-1,0.3405631,0.4816999,4,0,185,538,,185,538,,0,,,,1191,169,530,877663,117,,,,,,,,,,DL5,LINE
1. Visualization Study 99min,20180125,,,,visualizationstudy,TestImage,ET,20170609_212602752,20170609_142602752,877797,884920,125,473,166,481,-1,-1,471.9333,481.9416,0.4705139,0.4928323,0.3416438,0.4814103,0,0,146,477,,146,477,,0,,,,1192,149,460,877797,258,,,,,,,,,,DL5,LINE
1. Visualization Study 99min,20180125,,,,visualizationstudy,TestImage,ET,20170609_212603101,20170609_142603101,878146,885270,110,507,151,481,-1,-1,467.2556,483.3804,0.4714406,0.493201,0.3416366,0.4815552,0,0,130,494,,130,494,,0,,,,1193,139,486,878146,138,,,,,,,,,,DL5,LINE
1. Visualization Study 99min,20180125,,,,visualizationstudy,TestImage,ET,20170609_212603461,20170609_142603461,878506,885628,788,910,812,906,3.154022,3.130951,479.946,490.1727,0.4657045,0.4950871,0.337691,0.4830623,0,0,800,908,,800,908,,0,,,,1194,821,895,878506,157,,,,,,,,,,DL5,LINE
1. Visualization Study 99min,20180125,,,,visualizationstudy,TestImage,ET,20170609_212604092,20170609_142604092,879137,886262,-1,-1,289,650,-1,-1,-1,483.9995,-1,-1,0.3411603,0.4821418,4,0,289,650,,289,650,,0,,,,1195,279,630,879137,434,,,,,,,,,,DL5,LINE
1. Visualization Study 99min,20180125,,,,visualizationstudy,TestImage,ET,20170609_212604735,20170609_142604735,879780,886903,-1,-1,120,478,-1,2.945084,-1,488.7348,-1,-1,0.3400839,0.4819348,4,0,120,478,,120,478,,0,,,,1196,131,483,879780,176,,,,,,,,,,DL5,LINE
1. Visualization Study 99min,20180125,,,,visualizationstudy,TestImage,ET,20170609_212604960,20170609_142604960,880005,887128,221,817,243,831,2.885132,2.92775,473.3916,487.291,0.4683509,0.4949372,0.3395023,0.4832003,0,0,232,824,,232,824,,0,,,,1197,227,833,880005,125,,,,,,,,,,DL5,LINE
1. Visualization Study 99min,20180125,,,,visualizationstudy,TestImage,ET,20170609_212605225,20170609_142605225,880270,887395,163,814,-1,-1,-1,-1,483.8534,-1,0.4688933,0.4952312,-1,-1,0,4,163,814,,163,814,,0,,,,1198,170,850,880270,101,,,,,,,,,,DL5,LINE
1. Visualization Study 99min,20180125,,,,visualizationstudy,TestImage,ET,20170609_212605351,20170609_142605351,880396,887520,228,823,309,878,-1,-1,483.4318,487.779,0.4691362,0.4949856,0.3396518,0.4835192,0,0,268,850,,268,850,,0,,,,1199,268,861,880396,141,,,,,,,,,,DL5,LINE
1. Visualization Study 99min,20180125,,,,visualizationstudy,TestImage,ET,20170609_212606226,20170609_142606226,881271,888395,86,453,106,470,-1,-1,484.9849,495.4537,0.4709828,0.4938563,0.3411548,0.4819698,0,0,96,462,,96,462,,0,,,,1200,100,444,881271,758,,,,,,,,,,DL5,LINE
1. Visualization Study 99min,20180125,,,,visualizationstudy,TestImage,ET,20170609_212607375,20170609_142607375,882420,889545,-1,-1,148,501,-1,-1,-1,482.6295,-1,-1,0.3425156,0.4820875,4,0,148,501,,148,501,,0,,,,1201,140,514,882420,226,,,,,,,,,,DL5,LINE
1. Visualization Study 99min,20180125,,,,visualizationstudy,TestImage,ET,20170609_212607635,20170609_142607635,882680,889803,222,591,229,583,3.017746,3.062576,466.819,481.6203,0.471864,0.4944901,0.341807,0.4819848,0,0,226,587,,226,587,,0,,,,1202,238,597,882680,199,,,,,,,,,,DL5,LINE
1. Visualization Study 99min,20180125,,,,visualizationstudy,TestImage,ET,20170609_212607857,20170609_142607857,882902,890020,260,624,267,634,-1,-1,469.98,484.4124,0.4714752,0.4942004,0.3411255,0.4824054,0,0,264,629,,264,629,,0,,,,1203,256,613,882902,153,,,,,,,,,,DL5,LINE
1. Visualization Study 99min,20180125,,,,visualizationstudy,TestImage,ET,20170609_212608034,20170609_142608034,883079,890203,109,450,174,485,3.33078,3.243408,477.7192,491.096,0.4692115,0.4945208,0.3403993,0.4817844,0,0,142,468,,142,468,,0,,,,1204,140,461,883079,125,,,,,,,,,,DL5,LINE
1. Visualization Study 99min,20180125,,,,visualizationstudy,TestImage,ET,20170609_212608334,20170609_142608334,883379,890503,328,761,362,781,3.330765,3.362335,485.8387,502.3471,0.4667507,0.4948552,0.3381033,0.4831138,0,0,345,771,,345,771,,0,,,,1205,331,791,883379,140,,,,,,,,,,DL5,LINE
1. Visualization Study 99min,20180125,,,,visualizationstudy,TestImage,ET,20170609_212609009,20170609_142609009,884054,891178,744,893,804,905,3.522369,3.331741,517.6166,507.8864,0.4628578,0.4959836,0.3341741,0.4839962,0,0,774,899,,774,899,,0,,,,1206,782,905,884054,110,,,,,,,,,,DL5,LINE
1. Visualization Study 99min,20180125,,,,visualizationstudy,TestImage,ET,20170609_212609267,20170609_142609267,884312,891436,-1,-1,835,900,-1,-1,-1,508.4887,-1,-1,0.3336256,0.4838546,4,0,835,900,,835,900,,0,,,,1207,823,894,884312,117,,,,,,,,,,DL5,LINE
1. Visualization Study 99min,20180125,,,,visualizationstudy,TestImage,ET,20170609_212609641,20170609_142609641,884685,891795,251,761,289,788,-1,-1,503.9231,504.7933,0.4681077,0.4952571,0.3386321,0.4838287,0,0,270,774,,244,800,,0,,,,1208,243,787,884669,108,,,,,,,,,,DL5,LINE
1. Visualization Study 99min,20180125,,,,visualizationstudy,TestImage,ET,20170609_212609935,20170609_142609935,884979,892103,219,585,262,625,3.026215,3.001816,491.1858,496.5644,0.4682733,0.4942005,0.3394083,0.4820361,0,0,240,605,,240,605,,0,,,,1209,245,613,884979,122,,,,,,,,,,DL5,LINE
1. Visualization Study 99min,20180125,,,,visualizationstudy,TestImage,ET,20170609_212610720,20170609_142610720,885764,892886,-1,-1,409,841,-1,-1,-1,497.989,-1,-1,0.3378379,0.4832056,4,0,409,841,,409,841,,0,,,,1210,393,839,885764,174,,,,,,,,,,DL5,LINE
1. Visualization Study 99min,20180125,,,,visualizationstudy,TestImage,ET,20170609_212611143,20170609_142611143,886187,893311,-1,-1,465,672,-1,-1,-1,498.3855,-1,-1,0.3358312,0.4823716,4,0,465,672,,465,672,,0,,,,1211,463,654,886187,137,,,,,,,,,,DL5,LINE
1. Visualization Study 99min,20180125,,,,visualizationstudy,TestImage,ET,20170609_212611553,20170609_142611553,886597,893719,551,639,601,696,-1,-1,503.4929,502.1275,0.465021,0.4940889,0.3350471,0.482689,0,0,576,668,,576,668,,0,,,,1212,576,664,886597,107,,,,,,,,,,DL5,LINE
1. Visualization Study 99min,20180125,,,,visualizationstudy,TestImage,ET,20170609_212612068,20170609_142612068,887112,894236,-1,-1,805,602,-1,-1,-1,507.1499,-1,-1,0.3339413,0.4820962,4,0,805,602,,805,602,,0,,,,1213,788,606,887112,133,,,,,,,,,,DL5,LINE
1. Visualization Study 99min,20180125,,,,visualizationstudy,TestImage,ET,20170609_212612512,20170609_142612512,887556,894678,918,911,-1,-1,3.227554,-1,528.0375,-1,0.4593645,0.4958238,-1,-1,0,4,918,911,,918,911,,0,,,,1214,929,924,887556,122,,,,,,,,,,DL5,LINE
1. Visualization Study 99min,20180125,,,,visualizationstudy,TestImage,ET,20170609_212612726,20170609_142612726,887770,894894,815,910,832,911,-1,-1,520.5031,509.1019,0.4624168,0.4958274,0.3333866,0.4841998,0,0,824,910,,824,910,,0,,,,1215,824,904,887770,159,,,,,,,,,,DL5,LINE
1. Visualization Study 99min,20180125,,,,visualizationstudy,TestImage,ET,20170609_212612910,20170609_142612910,887954,895078,944,952,-1,-1,3.181671,-1,521.0887,-1,0.4620086,0.4963206,-1,-1,0,4,944,952,,944,952,,0,,,,1216,946,947,887954,143,,,,,,,,,,DL5,LINE
1. Visualization Study 99min,20180125,,,,visualizationstudy,TestImage,ET,20170609_212613634,20170609_142613634,888678,895803,973,910,1039,862,3.089096,3.049866,499.1286,489.8539,0.4590534,0.4955875,0.3316306,0.483868,0,0,1006,886,,1006,886,,0,,,,1217,974,924,888678,385,,,,,,,,,,DL5,LINE
1. Visualization Study 99min,20180125,,,,visualizationstudy,TestImage,ET,20170609_212618655,20170609_142618655,893700,900824,1042,746,1111,746,3.129379,3.212372,504.8688,504.9556,0.4569647,0.4936228,0.3269894,0.4841265,0,0,1076,746,,1076,746,,0,,,,1218,1073,745,893700,108,,,,,,,,,,CL15,LINE
1. Visualization Study 99min,20180125,,,,visualizationstudy,TestImage,ET,20170609_212619130,20170609_142619130,894175,901299,1120,771,1184,797,3.329773,3.239777,525.0153,498.9905,0.4546934,0.4943433,0.3257875,0.4847068,0,0,1152,784,,1152,784,,0,,,,1219,1157,779,894175,100,,,,,,,,,,CL15,LINE
1. Visualization Study 99min,20180125,,,,visualizationstudy,TestImage,ET,20170609_212620102,20170609_142620102,895147,902265,270,592,324,659,-1,-1,508.5756,501.0644,0.4677446,0.495394,0.3376554,0.4851442,0,0,297,626,,297,626,,0,,,,1220,298,638,895147,127,,,,,,,,,,CL15,LINE
1. Visualization Study 99min,20180125,,,,visualizationstudy,TestImage,ET,20170609_212620271,20170609_142620271,895316,902440,221,643,250,678,-1,-1,492.2855,489.934,0.4703159,0.4957879,0.339885,0.4853149,0,0,236,660,,236,660,,0,,,,1221,224,673,895316,134,,,,,,,,,,CL15,LINE
1. Visualization Study 99min,20180125,,,,visualizationstudy,TestImage,ET,20170609_212620487,20170609_142620487,895532,902657,-1,-1,237,710,-1,-1,-1,482.6057,-1,-1,0.3405098,0.4850812,4,0,237,710,,237,710,,0,,,,1222,214,693,895532,142,,,,,,,,,,CL15,LINE
1. Visualization Study 99min,20180125,,,,visualizationstudy,TestImage,ET,20170609_212621183,20170609_142621183,896228,903348,999,800,1044,839,2.81546,2.744675,520.3229,498.2553,0.463336,0.4969153,0.3340062,0.4856163,0,0,1022,820,,1022,820,,0,,,,1223,1035,839,896228,279,,,,,,,,,,CL15,LINE
1. Visualization Study 99min,20180125,,,,visualizationstudy,TestImage,ET,20170609_212621687,20170609_142621687,896732,903857,-1,-1,1232,858,-1,-1,-1,501.8595,-1,-1,0.3294893,0.4861888,4,0,1232,858,,1232,858,,0,,,,1224,1238,881,896732,250,,,,,,,,,,CL15,LINE
1. Visualization Study 99min,20180125,,,,visualizationstudy,TestImage,ET,20170609_212621954,20170609_142621954,896999,904123,1167,819,-1,-1,2.863693,-1,516.2715,-1,0.459693,0.4964991,-1,-1,0,4,1167,819,,1167,819,,0,,,,1225,1175,817,896999,134,,,,,,,,,,CL15,LINE
1. Visualization Study 99min,20180125,,,,visualizationstudy,TestImage,ET,20170609_212622220,20170609_142622220,897265,904390,1142,791,-1,-1,-1,-1,517.5603,-1,0.4588298,0.4963473,-1,-1,0,4,1142,791,,1142,791,,0,,,,1226,1169,816,897265,134,,,,,,,,,,CL15,LINE
1. Visualization Study 99min,20180125,,,,visualizationstudy,TestImage,ET,20170609_212622846,20170609_142622846,897891,905015,1039,700,1090,698,-1,-1,507.8707,487.5848,0.4584312,0.4956343,0.3278726,0.4861477,0,0,1064,699,,1064,699,,0,,,,1227,1064,691,897891,108,,,,,,,,,,CL15,LINE
1. Visualization Study 99min,20180125,,,,visualizationstudy,TestImage,ET,20170609_212623104,20170609_142623104,898149,905273,1205,904,1227,875,2.83287,2.760742,515.2424,496.2286,0.4573665,0.4972897,0.3275544,0.4870257,0,0,1216,890,,1216,890,,0,,,,1228,1214,901,898149,266,,,,,,,,,,CL15,LINE
1. Visualization Study 99min,20180125,,,,visualizationstudy,TestImage,ET,20170609_212623646,20170609_142623646,898691,905815,143,818,191,868,-1,-1,491.9689,487.6659,0.4709513,0.4976428,0.3397498,0.4874809,0,0,167,843,,167,843,,0,,,,1229,164,853,898691,120,,,,,,,,,,CL15,LINE
1. Visualization Study 99min,20180125,,,,visualizationstudy,TestImage,ET,20170609_212623961,20170609_142623961,899006,906132,-1,-1,161,697,-1,-1,-1,475.5203,-1,-1,0.3401697,0.4864462,4,0,161,697,,161,697,,0,,,,1230,177,715,899006,193,,,,,,,,,,CL15,LINE
1. Visualization Study 99min,20180125,,,,visualizationstudy,TestImage,ET,20170609_212624161,20170609_142624161,899206,906332,-1,-1,143,718,-1,-1,-1,470.6743,-1,-1,0.3394432,0.4864713,4,0,143,718,,143,718,,0,,,,1231,157,710,899206,109,,,,,,,,,,CL15,LINE
1. Visualization Study 99min,20180125,,,,visualizationstudy,TestImage,ET,20170609_212624786,20170609_142624786,899831,906956,-1,-1,262,716,-1,-1,-1,479.6121,-1,-1,0.3373678,0.4860769,4,0,262,716,,262,716,,0,,,,1232,247,695,899831,143,,,,,,,,,,CL15,LINE
1. Visualization Study 99min,20180125,,,,visualizationstudy,TestImage,ET,20170609_212625511,20170609_142625511,900556,907681,795,639,-1,-1,-1,-1,505.6205,-1,0.4626345,0.4961362,-1,-1,0,4,795,639,,795,639,,0,,,,1233,837,645,900556,142,,,,,,,,,,CL15,LINE
1. Visualization Study 99min,20180125,,,,visualizationstudy,TestImage,ET,20170609_212626433,20170609_142626433,901478,908598,310,622,335,659,2.747665,2.780136,504.4004,503.3209,0.4657972,0.4962184,0.3343887,0.4857278,0,0,322,640,,322,640,,0,,,,1234,333,660,901478,121,,,,,,,,,,CL15,LINE
1. Visualization Study 99min,20180125,,,,visualizationstudy,TestImage,ET,20170609_212626661,20170609_142626661,901706,908831,-1,-1,204,693,-1,-1,-1,488.429,-1,-1,0.3362806,0.4858981,4,0,204,693,,204,693,,0,,,,1235,208,684,901706,193,,,,,,,,,,CL15,LINE
1. Visualization Study 99min,20180125,,,,visualizationstudy,TestImage,ET,20170609_212626936,20170609_142626936,901981,909098,972,969,999,927,2.694473,2.699677,485.2941,493.7291,0.4614856,0.4971598,0.3304296,0.4866979,0,0,986,948,,986,970,,0,,,,1236,985,961,901971,135,,,,,,,,,,CL15,LINE
1. Visualization Study 99min,20180125,,,,visualizationstudy,TestImage,ET,20170609_212627070,20170609_142627070,902114,909240,953,975,-1,-1,-1,-1,516.768,-1,0.4596923,0.4967257,-1,-1,0,4,953,975,,953,975,,0,,,,1237,973,964,902114,126,,,,,,,,,,CL15,LINE
1. Visualization Study 99min,20180125,,,,visualizationstudy,TestImage,ET,20170609_212627221,20170609_142627221,902265,909390,1107,894,1155,869,-1,-1,519.4225,502.6497,0.4577937,0.4963815,0.3273736,0.4865977,0,0,1131,882,,1131,882,,0,,,,1238,1126,891,902265,111,,,,,,,,,,CL15,LINE
1. Visualization Study 99min,20180125,,,,visualizationstudy,TestImage,ET,20170609_212628954,20170609_142628954,903998,911123,-1,-1,1191,29,-1,3.466949,-1,501.4623,-1,-1,0.3303707,0.4821881,4,0,1191,29,,1191,29,,0,,,,1239,1213,37,903998,140,,,,,,,,,,CL15,LINE
1. Visualization Study 99min,20180125,,,,visualizationstudy,TestImage,ET,20170609_212629248,20170609_142629248,904292,911414,1096,783,1150,829,-1,-1,516.5787,500.2455,0.4591232,0.4948907,0.330143,0.4849195,0,0,1123,806,,1123,806,,0,,,,1240,1134,819,904292,122,,,,,,,,,,CL15,LINE
1. Visualization Study 99min,20180125,,,,visualizationstudy,TestImage,ET,20170609_212629447,20170609_142629447,904491,911614,1150,810,-1,-1,-1,-1,519.5863,-1,0.4582679,0.4953098,-1,-1,0,4,1150,810,,1150,810,,0,,,,1241,1159,807,904491,158,,,,,,,,,,CL15,LINE
1. Visualization Study 99min,20180125,,,,visualizationstudy,TestImage,ET,20170609_212630154,20170609_142630154,905198,912323,1148,863,1167,880,3.403885,3.321686,520.3079,495.1826,0.4564314,0.4960794,0.3281649,0.4860686,0,0,1158,872,,1158,872,,0,,,,1242,1161,879,905198,137,,,,,,,,,,CL15,LINE
1. Visualization Study 99min,20180125,,,,visualizationstudy,TestImage,ET,20170609_212631962,20170609_142631962,907006,914131,-1,-1,906,870,-1,-1,-1,490.3743,-1,-1,0.3398032,0.4867184,4,0,906,870,,906,870,,0,,,,1243,903,855,907006,125,,,,,,,,,,CL15,LINE
1. Visualization Study 99min,20180125,,,,visualizationstudy,TestImage,ET,20170609_212633545,20170609_142633545,908589,915714,1410,598,-1,-1,-1,-1,506.5157,-1,0.4554069,0.4978586,-1,-1,0,4,1410,598,,1410,598,,0,,,,1244,1417,589,908589,241,,,,,,,,,,CL7,BAR
1. Visualization Study 99min,20180125,,,,visualizationstudy,TestImage,ET,20170609_212634429,20170609_142634429,909474,916597,-1,-1,765,201,-1,3.313431,-1,490.6631,-1,-1,0.3408992,0.48414,4,0,765,201,,765,201,,0,,,,1245,754,202,909474,125,,,,,,,,,,CL7,BAR
1. Visualization Study 99min,20180125,,,,visualizationstudy,TestImage,ET,20170609_212641020,20170609_142641020,916065,923188,982,887,-1,-1,-1,-1,517.1853,-1,0.4641817,0.5008053,-1,-1,0,4,982,887,,982,887,,0,,,,1246,992,898,916065,182,,,,,,,,,,CL7,BAR
1. Visualization Study 99min,20180125,,,,visualizationstudy,TestImage,ET,20170609_212641368,20170609_142641368,916413,923538,983,897,-1,-1,-1,-1,516.262,-1,0.4636046,0.5014068,-1,-1,0,4,983,897,,983,897,,0,,,,1247,1004,902,916413,110,,,,,,,,,,CL7,BAR
1. Visualization Study 99min,20180125,,,,visualizationstudy,TestImage,ET,20170609_212641487,20170609_142641487,916532,923655,-1,-1,1037,895,-1,-1,-1,504.7036,-1,-1,0.3308696,0.4903714,4,0,1037,895,,1037,895,,0,,,,1248,1012,899,916532,124,,,,,,,,,,CL7,BAR
1. Visualization Study 99min,20180125,,,,visualizationstudy,TestImage,ET,20170609_212641678,20170609_142641678,916723,923847,1070,884,1053,916,3.225128,3.293396,517.6335,500.0135,0.4628311,0.5016355,0.3312687,0.4904671,0,0,1062,900,,1062,900,,0,,,,1249,1085,896,916723,224,,,,,,,,,,CL7,BAR
1. Visualization Study 99min,20180125,,,,visualizationstudy,TestImage,ET,20170609_212641919,20170609_142641919,916964,924088,1026,893,-1,-1,-1,-1,520.8331,-1,0.4643761,0.5016702,-1,-1,0,4,1026,893,,1026,893,,0,,,,1250,1019,898,916964,133,,,,,,,,,,CL7,BAR
1. Visualization Study 99min,20180125,,,,visualizationstudy,TestImage,ET,20170609_212642077,20170609_142642077,917122,924247,1004,901,1041,906,3.254929,3.156448,517.931,496.6722,0.4644881,0.5019046,0.333057,0.4904939,0,0,1022,904,,1022,904,,0,,,,1251,1012,902,917122,201,,,,,,,,,,CL7,BAR
1. Visualization Study 99min,20180125,,,,visualizationstudy,TestImage,ET,20170609_212642285,20170609_142642285,917330,924455,979,901,-1,-1,-1,-1,515.4479,-1,0.4645237,0.5030246,-1,-1,0,4,979,901,,979,901,,0,,,,1252,987,906,917330,126,,,,,,,,,,CL7,BAR
1. Visualization Study 99min,20180125,,,,visualizationstudy,TestImage,ET,20170609_212642760,20170609_142642760,917805,924930,982,900,-1,-1,-1,-1,517.1287,-1,0.4595786,0.5037743,-1,-1,0,4,982,900,,982,900,,0,,,,1253,990,898,917805,108,,,,,,,,,,CL7,BAR
1. Visualization Study 99min,20180125,,,,visualizationstudy,TestImage,ET,20170609_212642894,20170609_142642894,917939,925063,1055,893,1107,881,-1,-1,522.7343,505.1576,0.458782,0.5029554,0.3269736,0.4927643,0,0,1081,887,,1081,887,,0,,,,1254,1083,902,917939,332,,,,,,,,,,CL7,BAR
1. Visualization Study 99min,20180125,,,,visualizationstudy,TestImage,ET,20170609_212643344,20170609_142643344,918389,925513,1082,915,1112,908,-1,-1,512.0046,495.1512,0.4615183,0.5023239,0.329502,0.4920294,0,0,1097,912,,1097,912,,0,,,,1255,1090,903,918389,308,,,,,,,,,,CL7,BAR
1. Visualization Study 99min,20180125,,,,visualizationstudy,TestImage,ET,20170609_212643719,20170609_142643719,918764,925888,1211,885,-1,-1,-1,-1,517.9204,-1,0.4592403,0.502215,-1,-1,0,4,1211,885,,1211,885,,0,,,,1256,1221,889,918764,949,,,,,,,,,,CL7,BAR
1. Visualization Study 99min,20180125,,,,visualizationstudy,TestImage,ET,20170609_212644920,20170609_142644920,919964,927088,1074,169,-1,-1,-1,-1,509.7253,-1,0.4625339,0.497976,-1,-1,0,4,1074,169,,1074,169,,0,,,,1257,1077,182,919964,158,,,,,,,,,,CL7,BAR
1. Visualization Study 99min,20180125,,,,visualizationstudy,TestImage,ET,20170609_212645302,20170609_142645302,920346,927471,-1,-1,171,117,-1,3.391754,-1,501.9026,-1,-1,0.3476936,0.4828977,4,0,171,117,,171,117,,0,,,,1258,152,103,920346,117,,,,,,,,,,CL7,BAR
1. Visualization Study 99min,20180125,,,,visualizationstudy,TestImage,ET,20170609_212645869,20170609_142645869,920913,928038,259,344,327,292,-1,-1,444.6617,466.0334,0.4836919,0.4965682,0.3536614,0.4813227,0,0,293,318,,293,318,,0,,,,1259,307,330,920913,150,,,,,,,,,,CL7,BAR
1. Visualization Study 99min,20180125,,,,visualizationstudy,TestImage,ET,20170609_212646070,20170609_142646070,921114,928238,-1,-1,504,341,-1,-1,-1,458.5226,-1,-1,0.3518827,0.4815638,4,0,504,341,,504,341,,0,,,,1260,505,350,921114,132,,,,,,,,,,CL7,BAR
1. Visualization Study 99min,20180125,,,,visualizationstudy,TestImage,ET,20170609_212646219,20170609_142646219,921263,928388,400,459,493,365,-1,-1,434.0931,456.5687,0.4801089,0.4956459,0.3495742,0.4820555,0,0,446,412,,446,412,,0,,,,1261,432,403,921263,184,,,,,,,,,,CL7,BAR
1. Visualization Study 99min,20180125,,,,visualizationstudy,TestImage,ET,20170609_212646860,20170609_142646860,921904,929030,-1,-1,575,917,-1,-1,-1,508.5488,-1,-1,0.3440233,0.484436,4,0,575,917,,575,917,,0,,,,1262,572,903,921904,142,,,,,,,,,,CL7,BAR
1. Visualization Study 99min,20180125,,,,visualizationstudy,TestImage,ET,20170609_212647968,20170609_142647968,923012,930138,-1,-1,525,912,-1,-1,-1,490.3033,-1,-1,0.3407503,0.4884365,4,0,525,912,,525,912,,0,,,,1263,527,897,923012,129,,,,,,,,,,CL7,BAR
1. Visualization Study 99min,20180125,,,,visualizationstudy,TestImage,ET,20170609_212648619,20170609_142648619,923663,930788,558,869,611,907,-1,-1,508.5538,506.4112,0.4722956,0.5006871,0.3424335,0.4878801,0,0,584,888,,584,888,,0,,,,1264,579,887,923663,191,,,,,,,,,,CL7,BAR
1. Visualization Study 99min,20180125,,,,visualizationstudy,TestImage,ET,20170609_212649744,20170609_142649744,924788,931913,-1,-1,98,108,-1,-1,-1,505.7547,-1,-1,0.344793,0.4857593,4,0,98,108,,98,108,,0,,,,1265,108,111,924788,158,,,,,,,,,,CL7,BAR
1. Visualization Study 99min,20180125,,,,visualizationstudy,TestImage,ET,20170609_212650651,20170609_142650651,925695,932821,502,336,561,285,3.037827,3.119217,464.4322,482.6773,0.4741024,0.4970201,0.3431172,0.484675,0,0,532,310,,532,310,,0,,,,1266,526,325,925695,125,,,,,,,,,,CL7,BAR
1. Visualization Study 99min,20180125,,,,visualizationstudy,TestImage,ET,20170609_212651326,20170609_142651326,926370,933496,354,296,452,243,3.11496,3.116455,472.976,487.9734,0.4737003,0.497699,0.3432011,0.4847534,0,0,403,270,,403,270,,0,,,,1267,400,286,926370,100,,,,,,,,,,CL7,BAR
1. Visualization Study 99min,20180125,,,,visualizationstudy,TestImage,ET,20170609_212651951,20170609_142651951,926996,934121,555,226,-1,-1,3.274673,-1,499.3839,-1,0.4704936,0.4967882,-1,-1,0,4,555,226,,555,226,,0,,,,1268,572,215,926996,150,,,,,,,,,,CL7,BAR
1. Visualization Study 99min,20180125,,,,visualizationstudy,TestImage,ET,20170609_212652496,20170609_142652496,927541,934663,797,179,-1,-1,-1,-1,509.7127,-1,0.4680914,0.4961,-1,-1,0,4,797,179,,797,179,,0,,,,1269,805,192,927541,180,,,,,,,,,,CL7,BAR
1. Visualization Study 99min,20180125,,,,visualizationstudy,TestImage,ET,20170609_212652701,20170609_142652701,927746,934871,911,188,-1,-1,3.383469,-1,508.1146,-1,0.4665947,0.4960772,-1,-1,0,4,911,188,,911,188,,0,,,,1270,937,191,927746,269,,,,,,,,,,CL7,BAR
1. Visualization Study 99min,20180125,,,,visualizationstudy,TestImage,ET,20170609_212653077,20170609_142653077,928122,935246,1050,136,-1,-1,3.329239,-1,510.9362,-1,0.4627768,0.4953118,-1,-1,0,4,1050,136,,1050,136,,0,,,,1271,1056,162,928122,165,,,,,,,,,,CL7,BAR
1. Visualization Study 99min,20180125,,,,visualizationstudy,TestImage,ET,20170609_212653276,20170609_142653276,928321,935446,1138,267,1156,240,3.171326,3.147095,502.0213,499.5413,0.4617539,0.4954271,0.3325433,0.4843242,0,0,1147,254,,1147,254,,0,,,,1272,1157,257,928321,116,,,,,,,,,,CL7,BAR
1. Visualization Study 99min,20180125,,,,visualizationstudy,TestImage,ET,20170609_212653451,20170609_142653451,928496,935621,1175,200,1190,163,3.194946,3.433441,522.7152,518.1671,0.4597655,0.4952789,0.3301234,0.4843534,0,0,1182,182,,1182,182,,0,,,,1273,1181,190,928496,200,,,,,,,,,,CL7,BAR
1. Visualization Study 99min,20180125,,,,visualizationstudy,TestImage,ET,20170609_212653659,20170609_142653659,928704,935829,-1,-1,1186,221,-1,-1,-1,512.0674,-1,-1,0.330076,0.4839748,4,0,1186,221,,1186,221,,0,,,,1274,1167,223,928704,433,,,,,,,,,,CL7,BAR
1. Visualization Study 99min,20180125,,,,visualizationstudy,TestImage,ET,20170609_212654477,20170609_142654477,929522,936646,-1,-1,333,179,-1,3.227676,-1,500.5614,0.4669147,0.4977413,0.3391447,0.4856118,0,0,333,179,,333,179,,0,,,,1275,336,166,929522,142,,,,,,,,,,CL7,BAR
1. Visualization Study 99min,20180125,,,,visualizationstudy,TestImage,ET,20170609_212655269,20170609_142655269,930314,937437,805,893,-1,-1,-1,-1,512.7928,-1,0.4647423,0.4992488,-1,-1,0,4,805,893,,805,893,,0,,,,1276,814,896,930314,123,,,,,,,,,,CL7,BAR
1. Visualization Study 99min,20180125,,,,visualizationstudy,TestImage,ET,20170609_212655769,20170609_142655769,930814,937937,1026,877,-1,-1,-1,-1,520.5794,-1,0.4603401,0.4991122,-1,-1,0,4,1026,877,,1026,877,,0,,,,1277,1040,887,930814,173,,,,,,,,,,CL7,BAR
1. Visualization Study 99min,20180125,,,,visualizationstudy,TestImage,ET,20170609_212656018,20170609_142656018,931063,938187,1111,887,-1,-1,-1,-1,518.6102,-1,0.4600577,0.4993339,-1,-1,0,4,1111,887,,1111,887,,0,,,,1278,1122,884,931063,125,,,,,,,,,,CL7,BAR
1. Visualization Study 99min,20180125,,,,visualizationstudy,TestImage,ET,20170609_212658042,20170609_142658042,933087,940212,929,985,973,979,-1,-1,493.4949,499.3804,0.4635533,0.5001525,0.3360179,0.4890953,0,0,951,982,,951,982,,0,,,,1279,960,974,933087,141,,,,,,,,,,CL7,BAR
1. Visualization Study 99min,20180125,,,,visualizationstudy,TestImage,ET,20170609_212658192,20170609_142658192,933237,940362,925,956,-1,-1,-1,-1,521.2768,-1,0.4625709,0.5002587,-1,-1,0,4,925,956,,925,956,,0,,,,1280,946,952,933237,100,,,,,,,,,,CL7,BAR
1. Visualization Study 99min,20180125,,,,visualizationstudy,TestImage,ET,20170609_212658425,20170609_142658425,933470,940595,-1,-1,915,84,-1,3.552139,-1,504.3194,-1,-1,0.3338735,0.4858114,4,0,915,84,,915,84,,0,,,,1281,916,79,933470,134,,,,,,,,,,CL7,BAR
