Participant,Task,AOI,NumberOfFixations,TotalFixationDuration,FixationDurationAverage,NumberOfSaccades,TotalSaccadeLength,SaccadeLengthAverage,TotalSaccadeAbsAngle,SaccadeAbsAngleAverage,TotalSaccadeRelAngle,SaccadeRelAngleAverage,LongestFixationDurationInAOI,ProportionOfTotalFixations,ProportionOfTotalFixationDuration
30,DL11,Question_AOI,0,0,0,0,0,0,0,0,0,0,0,0.0,0.0
30,DL11,Title_AOI,0,0,0,0,0,0,0,0,0,0,0,0.0,0.0
30,DL11,LabelBox_AOI,0,0,0,0,0,0,0,0,0,0,0,0.0,0.0
30,DL11,OptionBox_AOI,0,0,0,0,0,0,0,0,0,0,0,0.0,0.0
30,DL11,Answers_AOI,3,1025,341.6666666666667,3,808.1123819,269.37079396666667,208.66619384,69.55539794666667,339.85059217,113.28353072333334,443,0.06976744186046512,0.10678195645379727
30,DL11,XAxis_AOI,0,0,0,0,0,0,0,0,0,0,0,0.0,0.0
30,DL11,YAxis_AOI,0,0,0,0,0,0,0,0,0,0,0,0.0,0.0
30,DL11,Graph_AOI,12,2988,249.0,12,4638.43360408,386.5361336733333,1150.8295917570001,95.90246597975,1111.2548642949998,92.60457202458332,1025,0.27906976744186046,0.3112824252526305
30,DL11,NoAOI_AOI,28,5586,199.5,28,7598.447865800002,271.3731380642858,2242.8333121230007,80.1011897186786,2372.778046703,84.74207309653572,426,0.6511627906976745,0.5819356182935722
30,DH3,Question_AOI,0,0,0,0,0,0,0,0,0,0,0,0.0,0.0
30,DH3,Title_AOI,3,536,178.66666666666666,3,759.4550241000001,253.15167470000003,222.94335229000004,74.31445076333334,467.1612895999999,155.72042986666665,190,0.023255813953488372,0.02149933817335847
30,DH3,LabelBox_AOI,16,4231,264.4375,16,2750.290231201,171.8931394500625,926.7536750539999,57.922104690874995,1105.151893106,69.071993319125,558,0.12403100775193798,0.16970839517067104
30,DH3,OptionBox_AOI,0,0,0,0,0,0,0,0,0,0,0,0.0,0.0
30,DH3,Answers_AOI,17,3958,232.8235294117647,17,1609.9855429200002,94.7050319364706,1202.005618194,70.70621283494117,1691.406313453,99.49448902664706,417,0.13178294573643412,0.15875817255625527
30,DH3,XAxis_AOI,9,1674,186.0,9,2942.0510498790004,326.8945610976667,1089.2215301,121.02461445555556,744.2121155909998,82.69023506566664,285,0.06976744186046512,0.0671453210861979
30,DH3,YAxis_AOI,0,0,0,0,0,0,0,0,0,0,0,0.0,0.0
30,DH3,Graph_AOI,33,6112,185.21212121212122,33,8477.521247772,256.8945832658182,3528.6239696289995,106.92799907966665,2536.3387164009996,76.85874898184848,427,0.2558139534883721,0.24515663230516224
30,DH3,NoAOI_AOI,51,8420,165.09803921568627,51,15484.942534772003,303.6263242112157,4095.0940104700016,80.29596098960788,4881.570824422,95.71707498866668,453,0.3953488372093023,0.33773214070835506
30,CL3,Question_AOI,0,0,0,0,0,0,0,0,0,0,0,0.0,0.0
30,CL3,Title_AOI,4,591,147.75,4,1187.72989201,296.9324730025,129.212874509,32.30321862725,648.3538361,162.088459025,169,0.09523809523809523,0.07452711223203026
30,CL3,LabelBox_AOI,1,130,130.0,1,227.31695930000004,227.31695930000004,3.026035083,3.026035083,14.61534792,14.61534792,130,0.023809523809523808,0.01639344262295082
30,CL3,OptionBox_AOI,1,257,257.0,1,366.8705494,366.8705494,66.71938266,66.71938266,108.1191731,108.1191731,257,0.023809523809523808,0.03240857503152585
30,CL3,Answers_AOI,2,588,294.0,2,757.9595028000002,378.9797514000001,239.69420299999996,119.84710149999998,218.36100959,109.180504795,395,0.047619047619047616,0.07414880201765447
30,CL3,XAxis_AOI,3,1190,396.6666666666667,3,775.8199015060001,258.60663383533335,318.40546577,106.13515525666666,155.97853067399998,51.992843558,968,0.07142857142857142,0.15006305170239598
30,CL3,YAxis_AOI,0,0,0,0,0,0,0,0,0,0,0,0.0,0.0
30,CL3,Graph_AOI,14,2407,171.92857142857142,14,3768.72795185,269.1948537035714,1168.1026981599998,83.43590701142855,1318.9080236969996,94.20771597835711,335,0.3333333333333333,0.30353089533417404
30,CL3,NoAOI_AOI,17,2767,162.76470588235293,17,3839.37473771,225.84557280647059,1050.694056487,61.80553273452941,1776.1080841200003,104.4769461247059,250,0.40476190476190477,0.3489281210592686
30,CL11,Question_AOI,0,0,0,0,0,0,0,0,0,0,0,0.0,0.0
30,CL11,Title_AOI,0,0,0,0,0,0,0,0,0,0,0,0.0,0.0
30,CL11,LabelBox_AOI,0,0,0,0,0,0,0,0,0,0,0,0.0,0.0
30,CL11,OptionBox_AOI,1,146,146.0,1,848.7838357999998,848.7838357999998,18.90457584,18.90457584,0.920419237,0.920419237,146,0.04,0.02283390678761339
30,CL11,Answers_AOI,2,1073,536.5,2,325.7140093,162.85700465,346.0583352,173.0291676,39.989668280000004,19.994834140000002,758,0.08,0.1678135752267751
30,CL11,XAxis_AOI,2,241,120.5,2,1386.5703747,693.28518735,248.14831900000001,124.07415950000001,201.31793706000002,100.65896853000001,141,0.08,0.03769158586174538
30,CL11,YAxis_AOI,0,0,0,0,0,0,0,0,0,0,0,0.0,0.0
30,CL11,Graph_AOI,7,2408,344.0,7,2253.982683855,321.997526265,826.47825969,118.06832281285713,603.7109278459999,86.24441826371427,1334,0.28,0.3766030653737879
30,CL11,NoAOI_AOI,13,2526,194.30769230769232,13,5585.00572193,429.61582476384615,968.790670675,74.5223592826923,761.1507523,58.55005786923077,442,0.52,0.3950578667500782
30,DL13,Question_AOI,1,109,109.0,1,63.60031446,63.60031446,143.3102772,143.3102772,14.5394849,14.5394849,109,0.038461538461538464,0.01768906199285946
30,DL13,Title_AOI,0,0,0,0,0,0,0,0,0,0,0,0.0,0.0
30,DL13,LabelBox_AOI,0,0,0,0,0,0,0,0,0,0,0,0.0,0.0
30,DL13,OptionBox_AOI,0,0,0,0,0,0,0,0,0,0,0,0.0,0.0
30,DL13,Answers_AOI,6,1858,309.6666666666667,6,591.7977470420002,98.63295784033336,375.186967002,62.531161167,702.8122582900002,117.13537638166669,872,0.23076923076923078,0.3015254787406686
30,DL13,XAxis_AOI,0,0,0,0,0,0,0,0,0,0,0,0.0,0.0
30,DL13,YAxis_AOI,0,0,0,0,0,0,0,0,0,0,0,0.0,0.0
30,DL13,Graph_AOI,3,577,192.33333333333334,3,1571.9162176999998,523.9720725666666,325.17333264,108.39111088,101.024655013,33.67488500433333,260,0.11538461538461539,0.09363842908146705
30,DL13,NoAOI_AOI,16,3618,226.125,16,4908.93664908,306.8085405675,1112.2815112140001,69.51759445087501,1452.0472757750001,90.75295473593751,650,0.6153846153846154,0.5871470301850049
30,CL12,Question_AOI,0,0,0,0,0,0,0,0,0,0,0,0.0,0.0
30,CL12,Title_AOI,2,402,201.0,2,261.8809111,130.94045555,23.874485366,11.937242683,311.65841520000004,155.82920760000002,243,0.03636363636363636,0.041020408163265305
30,CL12,LabelBox_AOI,0,0,0,0,0,0,0,0,0,0,0,0.0,0.0
30,CL12,OptionBox_AOI,0,0,0,0,0,0,0,0,0,0,0,0.0,0.0
30,CL12,Answers_AOI,11,2098,190.72727272727272,11,1626.26801494,147.84254681272728,607.014256025,55.18311418409091,494.509912793,44.955446617545455,506,0.2,0.21408163265306124
30,CL12,XAxis_AOI,0,0,0,0,0,0,0,0,0,0,0,0.0,0.0
30,CL12,YAxis_AOI,1,101,101.0,1,1119.933034,1119.933034,175.8524182,175.8524182,77.32165261,77.32165261,101,0.01818181818181818,0.010306122448979592
30,CL12,Graph_AOI,22,3510,159.54545454545453,22,6748.2623529600005,306.7391978618182,1883.3137461909994,85.60517028140906,2244.398889849,102.01813135677274,300,0.4,0.35816326530612247
30,CL12,NoAOI_AOI,19,3689,194.1578947368421,19,5581.250130230001,293.75000685421054,1668.7281781610002,87.82779885057896,1639.468581663,86.28782008752631,458,0.34545454545454546,0.37642857142857145
30,DL2,Question_AOI,0,0,0,0,0,0,0,0,0,0,0,0.0,0.0
30,DL2,Title_AOI,5,862,172.4,5,876.92277616,175.384555232,523.3269533499999,104.66539067,678.3577608,135.67155216,275,0.125,0.09010139019546358
30,DL2,LabelBox_AOI,0,0,0,0,0,0,0,0,0,0,0,0.0,0.0
30,DL2,OptionBox_AOI,0,0,0,0,0,0,0,0,0,0,0,0.0,0.0
30,DL2,Answers_AOI,8,3345,418.125,8,949.874794635,118.734349329375,577.107953729,72.138494216125,673.050817716,84.1313522145,1290,0.2,0.34963938538726874
30,DL2,XAxis_AOI,4,683,170.75,4,1273.368368,318.342092,520.48547294,130.121368235,393.35254327999996,98.33813581999999,224,0.1,0.07139124072331975
30,DL2,YAxis_AOI,0,0,0,0,0,0,0,0,0,0,0,0.0,0.0
30,DL2,Graph_AOI,11,2724,247.63636363636363,11,4368.93752764,397.1761388763636,798.6473858470001,72.60430780427274,1354.99644748,123.18149522545454,819,0.275,0.2847287550956413
30,DL2,NoAOI_AOI,12,1953,162.75,12,3312.3113525999997,276.02594604999996,838.0462117429998,69.83718431191666,1130.44440864,94.20370071999999,308,0.3,0.2041392285983067
30,DH10,Question_AOI,0,0,0,0,0,0,0,0,0,0,0,0.0,0.0
30,DH10,Title_AOI,3,368,122.66666666666667,3,972.8777504999999,324.2925835,334.02163852,111.34054617333334,285.37341739000004,95.12447246333335,168,0.08108108108108109,0.05611466910643489
30,DH10,LabelBox_AOI,7,1346,192.28571428571428,7,3184.4242495800004,454.9177499400001,312.450685571,44.63581222442857,230.497463606,32.92820908657143,249,0.1891891891891892,0.20524550167734065
30,DH10,OptionBox_AOI,0,0,0,0,0,0,0,0,0,0,0,0.0,0.0
30,DH10,Answers_AOI,1,326,326.0,1,8.246211251,8.246211251,104.0362435,104.0362435,74.52474491,74.52474491,326,0.02702702702702703,0.04971027752363526
30,DH10,XAxis_AOI,0,0,0,0,0,0,0,0,0,0,0,0.0,0.0
30,DH10,YAxis_AOI,0,0,0,0,0,0,0,0,0,0,0,0.0,0.0
30,DH10,Graph_AOI,12,2199,183.25,12,5857.42959807,488.11913317249997,1424.725580663,118.72713172191668,916.635705662,76.38630880516666,438,0.32432432432432434,0.3353156450137237
30,DH10,NoAOI_AOI,14,2319,165.64285714285714,14,3516.9829951300003,251.21307108071431,822.357307496,58.739807678285715,1259.639883496,89.97427739257144,367,0.3783783783783784,0.3536139066788655
30,DL9,Question_AOI,0,0,0,0,0,0,0,0,0,0,0,0.0,0.0
30,DL9,Title_AOI,1,102,102.0,1,772.1690229,772.1690229,109.9133728,109.9133728,52.22653312,52.22653312,102,0.038461538461538464,0.018175338560228082
30,DL9,LabelBox_AOI,0,0,0,0,0,0,0,0,0,0,0,0.0,0.0
30,DL9,OptionBox_AOI,1,109,109.0,1,617.0129658,617.0129658,36.49845533,36.49845533,6.510781636,6.510781636,109,0.038461538461538464,0.019422665716322167
30,DL9,Answers_AOI,3,849,283.0,3,710.05447167,236.68482389,433.26473811000005,144.42157937000002,251.02281,83.67426999999999,426,0.11538461538461539,0.15128296507483963
30,DL9,XAxis_AOI,1,342,342.0,1,616.5557557999998,616.5557557999998,73.12273621,73.12273621,20.67648362,20.67648362,342,0.038461538461538464,0.06094084105488239
30,DL9,YAxis_AOI,0,0,0,0,0,0,0,0,0,0,0,0.0,0.0
30,DL9,Graph_AOI,9,1713,190.33333333333334,9,3887.9115082000008,431.99016757777787,761.1705478160001,84.5745053128889,924.2865837889999,102.69850930988888,348,0.34615384615384615,0.30523877405559513
30,DL9,NoAOI_AOI,11,2497,227.0,11,4153.73795433,377.6125413027273,1180.889794179,107.35361765263637,631.6804892309999,57.42549902099999,469,0.4230769230769231,0.4449394155381326
30,DL10,Question_AOI,0,0,0,0,0,0,0,0,0,0,0,0.0,0.0
30,DL10,Title_AOI,0,0,0,0,0,0,0,0,0,0,0,0.0,0.0
30,DL10,LabelBox_AOI,0,0,0,0,0,0,0,0,0,0,0,0.0,0.0
30,DL10,OptionBox_AOI,3,468,156.0,3,1232.6699014,410.88996713333336,143.66591601,47.88863867,153.756312735,51.252104245,225,0.08333333333333333,0.06225059856344772
30,DL10,Answers_AOI,3,957,319.0,3,972.16504973,324.0550165766667,449.25140149999993,149.75046716666665,174.57992803,58.19330934333333,422,0.08333333333333333,0.12729449321628092
30,DL10,XAxis_AOI,0,0,0,0,0,0,0,0,0,0,0,0.0,0.0
30,DL10,YAxis_AOI,0,0,0,0,0,0,0,0,0,0,0,0.0,0.0
30,DL10,Graph_AOI,14,2462,175.85714285714286,14,2807.2377689200002,200.51698349428574,1449.2709163100003,103.51935116500002,1026.0918883319998,73.29227773799998,317,0.3888888888888889,0.3274807129555733
30,DL10,NoAOI_AOI,16,3631,226.9375,16,4664.594913530002,291.5371820956251,1460.3757153000001,91.27348220625001,1418.749092159,88.6718182599375,764,0.4444444444444444,0.48297419526469804
30,DH2,Question_AOI,0,0,0,0,0,0,0,0,0,0,0,0.0,0.0
30,DH2,Title_AOI,0,0,0,0,0,0,0,0,0,0,0,0.0,0.0
30,DH2,LabelBox_AOI,3,606,202.0,3,417.26906204,139.08968734666666,285.23955659000006,95.07985219666669,347.08837045999996,115.69612348666665,308,0.0967741935483871,0.10934680620714543
30,DH2,OptionBox_AOI,2,320,160.0,2,321.103259074,160.551629537,192.27578579,96.137892895,187.21758978999998,93.60879489499999,192,0.06451612903225806,0.057740887766149405
30,DH2,Answers_AOI,3,780,260.0,3,353.41550985000003,117.80516995,47.304778138,15.768259379333335,322.90411751,107.63470583666667,327,0.0967741935483871,0.14074341392998918
30,DH2,XAxis_AOI,0,0,0,0,0,0,0,0,0,0,0,0.0,0.0
30,DH2,YAxis_AOI,0,0,0,0,0,0,0,0,0,0,0,0.0,0.0
30,DH2,Graph_AOI,15,2628,175.2,15,5139.55947245,342.6372981633333,1266.0878103989996,84.40585402659998,1570.4842577170002,104.69895051446669,338,0.4838709677419355,0.474197040779502
30,DH2,NoAOI_AOI,8,1208,151.0,8,2173.61795672,271.70224459,690.874624449,86.359328056125,559.5013733999999,69.93767167499999,243,0.25806451612903225,0.217971851317214
30,CH2,Question_AOI,0,0,0,0,0,0,0,0,0,0,0,0.0,0.0
30,CH2,Title_AOI,1,193,193.0,1,316.1803283000001,316.1803283000001,10.38588712,10.38588712,178.4344924,178.4344924,193,0.02040816326530612,0.02071482236771493
30,CH2,LabelBox_AOI,5,680,136.0,5,165.03935882,33.007871764,473.59260393,94.718520786,454.60039137,90.920078274,167,0.10204081632653061,0.07298486637329613
30,CH2,OptionBox_AOI,0,0,0,0,0,0,0,0,0,0,0,0.0,0.0
30,CH2,Answers_AOI,6,1382,230.33333333333334,6,1292.2066278080001,215.36777130133336,385.542563713,64.25709395216667,431.41656108000006,71.90276018000002,466,0.12244897959183673,0.14833100783514006
30,CH2,XAxis_AOI,1,958,958.0,1,38.07886553,38.07886553,103.6713071,103.6713071,122.9652699,122.9652699,958,0.02040816326530612,0.10282279703767307
30,CH2,YAxis_AOI,0,0,0,0,0,0,0,0,0,0,0,0.0,0.0
30,CH2,Graph_AOI,14,2393,170.92857142857142,14,3802.27789255,271.5912780392857,1575.1854421,112.51324586428572,1497.57622405,106.96973028928572,305,0.2857142857142857,0.2568423312224965
30,CH2,NoAOI_AOI,22,3711,168.6818181818182,22,5342.5059422,242.84117919090912,1915.9180392889998,87.08718360404545,1910.3621693899997,86.83464406318181,644,0.4489795918367347,0.3983041751636793
30,CH5,Question_AOI,0,0,0,0,0,0,0,0,0,0,0,0.0,0.0
30,CH5,Title_AOI,0,0,0,0,0,0,0,0,0,0,0,0.0,0.0
30,CH5,LabelBox_AOI,19,5122,269.57894736842104,19,2638.1743348610003,138.85128078215791,1619.845716346,85.25503770242105,1331.7693350230002,70.09312289594737,477,0.12337662337662338,0.16034310042574507
30,CH5,OptionBox_AOI,8,2596,324.5,8,1336.21139834,167.0264247925,530.576610892,66.3220763615,768.005375865,96.000671983125,755,0.05194805194805195,0.081267217630854
30,CH5,Answers_AOI,34,7201,211.7941176470588,34,7110.098820825001,209.1205535536765,3034.2827277169995,89.24360963873528,3423.0235285410004,100.67716260414707,622,0.22077922077922077,0.22542574505384422
30,CH5,XAxis_AOI,0,0,0,0,0,0,0,0,0,0,0,0.0,0.0
30,CH5,YAxis_AOI,0,0,0,0,0,0,0,0,0,0,0,0.0,0.0
30,CH5,Graph_AOI,15,2311,154.06666666666666,15,3773.850185432,251.59001236213334,1361.802009225,90.78680061499999,1025.262920759,68.35086138393333,308,0.09740259740259741,0.07234535437014776
30,CH5,NoAOI_AOI,78,14714,188.64102564102564,78,18255.061768300005,234.03925343974365,6483.333796017997,83.11966405151279,7254.307074559997,93.0039368533333,566,0.5064935064935064,0.46061858251940896
30,DH1,Question_AOI,0,0,0,0,0,0,0,0,0,0,0,0.0,0.0
30,DH1,Title_AOI,1,119,119.0,1,787.0514596,787.0514596,106.9154011,106.9154011,69.31474517,69.31474517,119,0.0625,0.04294478527607362
30,DH1,LabelBox_AOI,3,864,288.0,3,440.12655320999994,146.70885106999998,194.157390268,64.71913008933333,197.04779134400002,65.68259711466668,575,0.1875,0.3118007939372068
30,DH1,OptionBox_AOI,0,0,0,0,0,0,0,0,0,0,0,0.0,0.0
30,DH1,Answers_AOI,2,518,259.0,2,134.35445634,67.17722817,345.6555354000001,172.82776770000004,271.1038,135.5519,267,0.125,0.1869361241429087
30,DH1,XAxis_AOI,0,0,0,0,0,0,0,0,0,0,0,0.0,0.0
30,DH1,YAxis_AOI,0,0,0,0,0,0,0,0,0,0,0,0.0,0.0
30,DH1,Graph_AOI,6,761,126.83333333333333,6,2953.56168734,492.2602812233333,820.7687756440001,136.7947959406667,351.81018823200003,58.63503137200001,143,0.375,0.27463009743774813
30,DH1,NoAOI_AOI,4,509,127.25,4,2505.5643429000006,626.3910857250002,121.799684613,30.44992115325,285.64260569299995,71.41065142324999,146,0.25,0.1836881992060628
30,DL5,Question_AOI,0,0,0,0,0,0,0,0,0,0,0,0.0,0.0
30,DL5,Title_AOI,1,125,125.0,1,882.9065636,882.9065636,119.294123,119.294123,159.2750189,159.2750189,125,0.05555555555555555,0.03840245775729647
30,DL5,LabelBox_AOI,0,0,0,0,0,0,0,0,0,0,0,0.0,0.0
30,DL5,OptionBox_AOI,0,0,0,0,0,0,0,0,0,0,0,0.0,0.0
30,DL5,Answers_AOI,0,0,0,0,0,0,0,0,0,0,0,0.0,0.0
30,DL5,XAxis_AOI,1,108,108.0,1,731.0950691,731.0950691,123.7335393,123.7335393,2.147325662,2.147325662,108,0.05555555555555555,0.03317972350230415
30,DL5,YAxis_AOI,0,0,0,0,0,0,0,0,0,0,0,0.0,0.0
30,DL5,Graph_AOI,2,287,143.5,2,291.34193448999997,145.67096724499999,190.61876253000003,95.30938126500001,180.28991285,90.144956425,175,0.1111111111111111,0.08817204301075268
30,DL5,NoAOI_AOI,14,2735,195.35714285714286,14,3073.8627633,219.56162595,751.27272485,53.66233748928572,1362.2647999229998,97.30462856592855,438,0.7777777777777778,0.8402457757296466
30,DH5,Question_AOI,1,100,100.0,1,86.57944329,86.57944329,6.632514615,6.632514615,142.5924834,142.5924834,100,0.00847457627118644,0.004097017371353655
30,DH5,Title_AOI,4,759,189.75,4,672.900827,168.22520675,38.233261039,9.55831525975,586.93965702,146.734914255,333,0.03389830508474576,0.031096361848574238
30,DH5,LabelBox_AOI,10,3744,374.4,10,1736.38278147,173.638278147,897.8797491799999,89.78797491799999,729.4680598470001,72.9468059847,1151,0.0847457627118644,0.15339233038348082
30,DH5,OptionBox_AOI,0,0,0,0,0,0,0,0,0,0,0,0.0,0.0
30,DH5,Answers_AOI,15,2774,184.93333333333334,15,2409.4774048679997,160.63182699119997,1008.294083524,67.21960556826667,1671.69262139,111.44617475933335,324,0.1271186440677966,0.11365126188135037
30,DH5,XAxis_AOI,6,902,150.33333333333334,6,1375.6451024899998,229.2741837483333,482.427234982,80.40453916366667,610.1889326800001,101.69815544666669,234,0.05084745762711865,0.036955096689609966
30,DH5,YAxis_AOI,0,0,0,0,0,0,0,0,0,0,0,0.0,0.0
30,DH5,Graph_AOI,52,10454,201.03846153846155,52,11395.183969889998,219.13815326711534,5183.002494678,99.67312489765385,4734.884850911001,91.05547790213464,831,0.4406779661016949,0.42830219600131103
30,DH5,NoAOI_AOI,30,5675,189.16666666666666,30,10648.420394509998,354.9473464836666,2178.790971635,72.62636572116666,2266.6915870669995,75.55638623556665,659,0.2542372881355932,0.23250573582431988
30,CL2,Question_AOI,0,0,0,0,0,0,0,0,0,0,0,0.0,0.0
30,CL2,Title_AOI,3,480,160.0,3,420.59248261000005,140.19749420333335,144.10771069999998,48.03590356666666,334.56184127,111.52061375666666,216,0.09090909090909091,0.07491805837365381
30,CL2,LabelBox_AOI,0,0,0,0,0,0,0,0,0,0,0,0.0,0.0
30,CL2,OptionBox_AOI,0,0,0,0,0,0,0,0,0,0,0,0.0,0.0
30,CL2,Answers_AOI,1,121,121.0,1,24.35159132,24.35159132,160.820992,160.820992,119.4138108,119.4138108,121,0.030303030303030304,0.0188855938816919
30,CL2,XAxis_AOI,2,860,430.0,2,991.1119051000001,495.55595255000003,250.91958750000003,125.45979375000002,109.98291274,54.99145637,502,0.06060606060606061,0.1342281879194631
30,CL2,YAxis_AOI,0,0,0,0,0,0,0,0,0,0,0,0.0,0.0
30,CL2,Graph_AOI,11,1586,144.1818181818182,11,2435.8937628999997,221.4448875363636,881.1727328840001,80.10661208036365,1188.1594206010002,108.01449278190911,225,0.3333333333333333,0.2475417512096145
30,CL2,NoAOI_AOI,16,3360,210.0,16,3078.007242,192.375452625,1647.0894987240001,102.94309367025001,1461.637246213,91.3523278883125,651,0.48484848484848486,0.5244264086155768
30,CH8,Question_AOI,0,0,0,0,0,0,0,0,0,0,0,0.0,0.0
30,CH8,Title_AOI,0,0,0,0,0,0,0,0,0,0,0,0.0,0.0
30,CH8,LabelBox_AOI,5,1387,277.4,5,934.7507415700001,186.95014831400002,377.83529997999995,75.56705999599998,319.71730852,63.943461704,459,0.11627906976744186,0.14644704888607327
30,CH8,OptionBox_AOI,3,417,139.0,3,1119.8419655300002,373.2806551766667,79.981950115,26.660650038333333,146.851469037,48.95048967899999,166,0.06976744186046512,0.0440291415901172
30,CH8,Answers_AOI,1,161,161.0,1,666.300983,666.300983,127.8674418,127.8674418,151.06603230000005,151.06603230000005,161,0.023255813953488372,0.016999260901699925
30,CH8,XAxis_AOI,1,301,301.0,1,328.1843994,328.1843994,178.07921509999997,178.07921509999997,168.2830052,168.2830052,301,0.023255813953488372,0.031781226903178125
30,CH8,YAxis_AOI,0,0,0,0,0,0,0,0,0,0,0,0.0,0.0
30,CH8,Graph_AOI,11,2800,254.54545454545453,11,2199.818086772,199.98346243381818,1328.85243894,120.80476717636363,685.4097985509999,62.309981686454535,657,0.2558139534883721,0.29563932002956395
30,CH8,NoAOI_AOI,22,4405,200.22727272727272,22,3155.7588029,143.44358194999998,1868.8234149100003,84.94651885954546,2359.7841200330004,107.26291454695456,518,0.5116279069767442,0.46510400168936755
30,CH1,Question_AOI,1,139,139.0,1,207.6848574,207.6848574,148.98893069999997,148.98893069999997,14.81034631,14.81034631,139,0.022222222222222223,0.01622694373102965
30,CH1,Title_AOI,0,0,0,0,0,0,0,0,0,0,0,0.0,0.0
30,CH1,LabelBox_AOI,2,275,137.5,2,799.9956547899998,399.9978273949999,162.70673018,81.35336509,101.95187513,50.975937565,175,0.044444444444444446,0.03210366565491478
30,CH1,OptionBox_AOI,0,0,0,0,0,0,0,0,0,0,0,0.0,0.0
30,CH1,Answers_AOI,2,391,195.5,2,808.8165797300001,404.40828986500003,297.4981914,148.7490957,160.70216125000002,80.35108062500001,248,0.044444444444444446,0.04564557553116974
30,CH1,XAxis_AOI,4,683,170.75,4,426.13298046,106.533245115,220.52942455000004,55.13235613750001,455.24614493,113.8115362325,218,0.08888888888888889,0.07973383142657016
30,CH1,YAxis_AOI,1,140,140.0,1,877.8479367000001,877.8479367000001,158.9015709,158.9015709,56.38671752,56.38671752,140,0.022222222222222223,0.01634368433341116
30,CH1,Graph_AOI,18,4057,225.38888888888889,18,2560.550956052,142.25283089177776,2076.8182794809995,115.37879330449998,1158.8642953279998,64.38134974044443,558,0.4,0.4736166238617791
30,CH1,NoAOI_AOI,17,2881,169.47058823529412,17,4427.319522905,260.43056017088236,1541.4501045840002,90.67353556376472,1454.215794044,85.542105532,331,0.37777777777777777,0.33632967546112535
30,CL9,Question_AOI,1,109,109.0,1,934.7561179,934.7561179,35.28828846,35.28828846,126.4723107,126.4723107,109,0.041666666666666664,0.025173210161662816
30,CL9,Title_AOI,0,0,0,0,0,0,0,0,0,0,0,0.0,0.0
30,CL9,LabelBox_AOI,0,0,0,0,0,0,0,0,0,0,0,0.0,0.0
30,CL9,OptionBox_AOI,1,101,101.0,1,35.60898763,35.60898763,51.84277341,51.84277341,104.1947376,104.1947376,101,0.041666666666666664,0.023325635103926098
30,CL9,Answers_AOI,0,0,0,0,0,0,0,0,0,0,0,0.0,0.0
30,CL9,XAxis_AOI,0,0,0,0,0,0,0,0,0,0,0,0.0,0.0
30,CL9,YAxis_AOI,0,0,0,0,0,0,0,0,0,0,0,0.0,0.0
30,CL9,Graph_AOI,6,785,130.83333333333334,6,2424.45151105,404.07525184166667,456.142877617,76.02381293616666,792.29445779,132.04907629833335,158,0.25,0.1812933025404157
30,CL9,NoAOI_AOI,16,3335,208.4375,16,4464.59907019,279.037441886875,1317.315241526,82.332202595375,967.0736168349998,60.44210105218749,896,0.6666666666666666,0.7702078521939953
30,CL5,Question_AOI,2,357,178.5,2,201.00635565,100.503177825,17.657225829999998,8.828612914999999,355.2576223000001,177.62881115000005,250,0.06896551724137931,0.05987923515598793
30,CL5,Title_AOI,0,0,0,0,0,0,0,0,0,0,0,0.0,0.0
30,CL5,LabelBox_AOI,0,0,0,0,0,0,0,0,0,0,0,0.0,0.0
30,CL5,OptionBox_AOI,1,136,136.0,1,947.0047518,947.0047518,22.80137156,22.80137156,34.19932762,34.19932762,136,0.034482758620689655,0.022811137202281114
30,CL5,Answers_AOI,2,1092,546.0,2,720.2967189899998,360.1483594949999,269.22179138,134.61089569,138.79571263,69.397856315,567,0.06896551724137931,0.183160013418316
30,CL5,XAxis_AOI,0,0,0,0,0,0,0,0,0,0,0,0.0,0.0
30,CL5,YAxis_AOI,0,0,0,0,0,0,0,0,0,0,0,0.0,0.0
30,CL5,Graph_AOI,8,1078,134.75,8,3816.7480502599997,477.09350628249996,995.68729348,124.460911685,789.1559578099999,98.64449472624999,182,0.27586206896551724,0.18081180811808117
30,CL5,NoAOI_AOI,16,3299,206.1875,16,3579.50315223,223.718947014375,1361.3521162810002,85.08450726756251,1541.708207752,96.3567629845,734,0.5517241379310345,0.5533378061053338
30,DL14,Question_AOI,0,0,0,0,0,0,0,0,0,0,0,0.0,0.0
30,DL14,Title_AOI,1,342,342.0,1,154.042202,154.042202,160.27111599999995,160.27111599999995,32.99952786,32.99952786,342,0.023255813953488372,0.04249502982107356
30,DL14,LabelBox_AOI,0,0,0,0,0,0,0,0,0,0,0,0.0,0.0
30,DL14,OptionBox_AOI,0,0,0,0,0,0,0,0,0,0,0,0.0,0.0
30,DL14,Answers_AOI,1,158,158.0,1,11.40175425,11.40175425,142.12501630000003,142.12501630000003,22.94356647,22.94356647,158,0.023255813953488372,0.01963220675944334
30,DL14,XAxis_AOI,5,586,117.2,5,1604.4319085799998,320.88638171599996,672.81314535,134.56262907,260.921313295,52.184262659,125,0.11627906976744186,0.0728131212723658
30,DL14,YAxis_AOI,0,0,0,0,0,0,0,0,0,0,0,0.0,0.0
30,DL14,Graph_AOI,13,2136,164.30769230769232,13,4522.728038939999,347.9021568415384,1272.2303749799999,97.86387499846153,1177.657966022,90.58907430938461,309,0.3023255813953488,0.2654075546719682
30,DL14,NoAOI_AOI,23,4826,209.82608695652175,23,7980.200352489999,346.9652327169565,1401.329165134,60.92735500582609,1664.2590746580001,72.35909020252174,774,0.5348837209302325,0.5996520874751491
30,CH7,Question_AOI,1,121,121.0,1,75.60423269,75.60423269,37.47617956,37.47617956,1.282972256,1.282972256,121,0.022727272727272728,0.013232720909886263
30,CH7,Title_AOI,0,0,0,0,0,0,0,0,0,0,0,0.0,0.0
30,CH7,LabelBox_AOI,3,524,174.66666666666666,3,1212.7376112700003,404.24587042333343,185.64823479999998,61.88274493333333,169.32289295099997,56.44096431699999,262,0.06818181818181818,0.05730533683289589
30,CH7,OptionBox_AOI,0,0,0,0,0,0,0,0,0,0,0,0.0,0.0
30,CH7,Answers_AOI,8,2335,291.875,8,1591.2783678219998,198.90979597774998,491.36283399499996,61.420354249374995,1163.4284890820002,145.42856113525002,1132,0.18181818181818182,0.25535870516185477
30,CH7,XAxis_AOI,2,316,158.0,2,375.56527146,187.78263573,323.9884019,161.99420095,242.70888914000005,121.35444457000003,200,0.045454545454545456,0.03455818022747156
30,CH7,YAxis_AOI,0,0,0,0,0,0,0,0,0,0,0,0.0,0.0
30,CH7,Graph_AOI,16,3692,230.75,16,5838.652909500999,364.91580684381245,1699.5854358939996,106.22408974337498,1199.4464919800002,74.96540574875002,573,0.36363636363636365,0.4037620297462817
30,CH7,NoAOI_AOI,14,2156,154.0,14,2321.2274397650003,165.80195998321432,1490.641848361,106.47441774007143,1195.159011037,85.36850078835714,230,0.3181818181818182,0.2357830271216098
30,DL1,Question_AOI,5,1561,312.2,5,711.23590495,142.24718099,538.411075976,107.6822151952,80.103183077,16.0206366154,986,0.14285714285714285,0.2463699494949495
30,DL1,Title_AOI,0,0,0,0,0,0,0,0,0,0,0,0.0,0.0
30,DL1,LabelBox_AOI,1,275,275.0,1,478.5248165,478.5248165,11.45082345,11.45082345,51.74609014,51.74609014,275,0.02857142857142857,0.043402777777777776
30,DL1,OptionBox_AOI,3,480,160.0,3,1600.9016247700001,533.6338749233333,164.57272907399997,54.85757635799999,205.18347597,68.39449198999999,259,0.08571428571428572,0.07575757575757576
30,DL1,Answers_AOI,6,1101,183.5,6,604.6137224600001,100.76895374333334,221.808071417,36.96801190283333,586.396700946,97.732783491,236,0.17142857142857143,0.1737689393939394
30,DL1,XAxis_AOI,0,0,0,0,0,0,0,0,0,0,0,0.0,0.0
30,DL1,YAxis_AOI,0,0,0,0,0,0,0,0,0,0,0,0.0,0.0
30,DL1,Graph_AOI,5,780,156.0,5,1822.9529017,364.59058034,627.51232724,125.502465448,383.75983584600004,76.75196716920001,196,0.14285714285714285,0.12310606060606061
30,DL1,NoAOI_AOI,15,2139,142.6,15,2735.208197590001,182.34721317266673,1460.9656068990002,97.39770712660001,1164.199088923,77.61327259486667,233,0.42857142857142855,0.33759469696969696
30,DL12,Question_AOI,0,0,0,0,0,0,0,0,0,0,0,0.0,0.0
30,DL12,Title_AOI,0,0,0,0,0,0,0,0,0,0,0,0.0,0.0
30,DL12,LabelBox_AOI,0,0,0,0,0,0,0,0,0,0,0,0.0,0.0
30,DL12,OptionBox_AOI,4,727,181.75,4,411.75419813,102.9385495325,416.5104741,104.127618525,472.23606523,118.0590163075,208,0.10526315789473684,0.08703459834789896
30,DL12,Answers_AOI,1,219,219.0,1,582.6396828,582.6396828,142.4613869,142.4613869,37.20626822,37.20626822,219,0.02631578947368421,0.02621812522447025
30,DL12,XAxis_AOI,0,0,0,0,0,0,0,0,0,0,0,0.0,0.0
30,DL12,YAxis_AOI,0,0,0,0,0,0,0,0,0,0,0,0.0,0.0
30,DL12,Graph_AOI,17,3934,231.41176470588235,17,3282.3456362200004,193.07915507176472,2039.213121079,119.95371300464706,1932.5486259840002,113.6793309402353,951,0.4473684210526316,0.47096851430623726
30,DL12,NoAOI_AOI,16,3473,217.0625,16,4303.283105469999,268.95519409187494,713.2420320830001,44.57762700518751,1574.5759369300001,98.41099605812501,951,0.42105263157894735,0.41577876212139353
30,CH10,Question_AOI,1,200,200.0,1,561.0008912999998,561.0008912999998,108.822513,108.822513,20.82830956,20.82830956,200,0.013157894736842105,0.013203063110641669
30,CH10,Title_AOI,1,113,113.0,1,159.4521872,159.4521872,11.94417719,11.94417719,179.8773112,179.8773112,113,0.013157894736842105,0.007459730657512543
30,CH10,LabelBox_AOI,3,1010,336.6666666666667,3,79.34976112,26.44992037333333,334.66807178999994,111.55602392999998,323.50958579,107.83652859666667,470,0.039473684210526314,0.06667546870874043
30,CH10,OptionBox_AOI,2,485,242.5,2,1599.1122737,799.55613685,80.585790362,40.292895181,174.24306231999998,87.12153115999999,250,0.02631578947368421,0.03201742804330605
30,CH10,Answers_AOI,4,935,233.75,4,458.51212703699997,114.62803175924999,307.52179198,76.880447995,236.43636387199996,59.10909096799999,350,0.05263157894736842,0.0617243200422498
30,CH10,XAxis_AOI,4,1003,250.75,4,809.1565171700001,202.28912929250004,239.99558852,59.99889713,460.63537665,115.1588441625,368,0.05263157894736842,0.06621336149986796
30,CH10,YAxis_AOI,0,0,0,0,0,0,0,0,0,0,0,0.0,0.0
30,CH10,Graph_AOI,32,6031,188.46875,32,4154.152428578001,129.81726339306252,4305.371007528,134.54284398525,2701.7071901450004,84.42834969203126,383,0.42105263157894735,0.3981383681013995
30,CH10,NoAOI_AOI,29,5371,185.20689655172413,29,6540.431025984001,225.5321043442759,1713.3621545249996,59.08145360431033,2531.2653613060006,87.28501245882761,359,0.3815789473684211,0.35456825983628204
30,CH3,Question_AOI,2,211,105.5,2,837.34379829,418.671899145,253.37033765000007,126.68516882500003,19.838771337,9.9193856685,108,0.0273972602739726,0.016228272573450237
30,CH3,Title_AOI,2,283,141.5,2,1349.265962,674.632981,184.08447259,92.042236295,105.112142674,52.556071337,142,0.0273972602739726,0.021765882171973543
30,CH3,LabelBox_AOI,8,1183,147.875,8,2658.6416067200003,332.33020084000003,313.146292135,39.143286516875,614.358795369,76.794849421125,190,0.1095890410958904,0.09098600215351485
30,CH3,OptionBox_AOI,0,0,0,0,0,0,0,0,0,0,0,0.0,0.0
30,CH3,Answers_AOI,9,1642,182.44444444444446,9,1584.035088607,176.00389873411112,802.955279147,89.21725323855556,865.4687095499999,96.16318994999999,299,0.1232876712328767,0.1262882633441009
30,CH3,XAxis_AOI,7,1203,171.85714285714286,7,2456.1074942,350.87249917142856,789.520272059,112.78861029414286,509.03412155,72.71916022142857,340,0.0958904109589041,0.09252422704199353
30,CH3,YAxis_AOI,0,0,0,0,0,0,0,0,0,0,0,0.0,0.0
30,CH3,Graph_AOI,16,3176,198.5,16,3338.2726396399994,208.64203997749996,1637.56266595,102.347666621875,1462.4207603899997,91.40129752437498,468,0.2191780821917808,0.24427011229041687
30,CH3,NoAOI_AOI,29,5304,182.89655172413794,29,8707.50522391,300.25880082448276,2391.152888306,82.45354787262069,2655.89660773,91.58264164586207,778,0.3972602739726027,0.4079372404245501
30,DL15,Question_AOI,0,0,0,0,0,0,0,0,0,0,0,0.0,0.0
30,DL15,Title_AOI,1,150,150.0,1,506.7790446,506.7790446,67.7367071,67.7367071,73.33604643,73.33604643,150,0.041666666666666664,0.03337041156840934
30,DL15,LabelBox_AOI,0,0,0,0,0,0,0,0,0,0,0,0.0,0.0
30,DL15,OptionBox_AOI,0,0,0,0,0,0,0,0,0,0,0,0.0,0.0
30,DL15,Answers_AOI,3,878,292.6666666666667,3,224.078348368,74.69278278933334,490.075254,163.358418,359.225497,119.74183233333333,376,0.125,0.1953281423804227
30,DL15,XAxis_AOI,0,0,0,0,0,0,0,0,0,0,0,0.0,0.0
30,DL15,YAxis_AOI,0,0,0,0,0,0,0,0,0,0,0,0.0,0.0
30,DL15,Graph_AOI,7,1322,188.85714285714286,7,919.41961866,131.3456598085714,842.5227832,120.36039760000001,689.03176048,98.43310864,599,0.2916666666666667,0.29410456062291435
30,DL15,NoAOI_AOI,13,2145,165.0,13,3250.11074545,250.00851888076926,1044.754762713,80.36575097792307,763.7664410860001,58.75126469892309,375,0.5416666666666666,0.4771968854282536
30,DL7,Question_AOI,0,0,0,0,0,0,0,0,0,0,0,0.0,0.0
30,DL7,Title_AOI,0,0,0,0,0,0,0,0,0,0,0,0.0,0.0
30,DL7,LabelBox_AOI,4,1182,295.5,4,1576.12202357,394.0305058925,133.962536784,33.490634196,286.9275267,71.731881675,749,0.16666666666666666,0.2810271041369472
30,DL7,OptionBox_AOI,2,288,144.0,2,478.0977361,239.04886805,184.75987146,92.37993573,215.91220484000002,107.95610242000001,179,0.08333333333333333,0.06847360912981455
30,DL7,Answers_AOI,1,328,328.0,1,402.9106601,402.9106601,7.989326766,7.989326766,81.39790751,81.39790751,328,0.041666666666666664,0.07798383262006657
30,DL7,XAxis_AOI,0,0,0,0,0,0,0,0,0,0,0,0.0,0.0
30,DL7,YAxis_AOI,0,0,0,0,0,0,0,0,0,0,0,0.0,0.0
30,DL7,Graph_AOI,6,861,143.5,6,3153.7504827000002,525.62508045,666.9401616790001,111.15669361316668,434.3836717549999,72.39727862583332,192,0.25,0.20470756062767476
30,DL7,NoAOI_AOI,11,1547,140.63636363636363,11,3257.67981579,296.1527105263636,605.468642738,55.042603885272726,952.703514022,86.60941036563636,215,0.4583333333333333,0.3678078934854969
30,DL4,Question_AOI,0,0,0,0,0,0,0,0,0,0,0,0.0,0.0
30,DL4,Title_AOI,1,134,134.0,1,148.62705,148.62705,108.4349488,108.4349488,144.61456930000003,144.61456930000003,134,0.05555555555555555,0.043239754759599874
30,DL4,LabelBox_AOI,0,0,0,0,0,0,0,0,0,0,0,0.0,0.0
30,DL4,OptionBox_AOI,0,0,0,0,0,0,0,0,0,0,0,0.0,0.0
30,DL4,Answers_AOI,5,1061,212.2,5,1140.5695395999999,228.11390791999997,446.3285605039999,89.26571210079997,200.694252919,40.1388505838,411,0.2777777777777778,0.3423685059696676
30,DL4,XAxis_AOI,2,293,146.5,2,1081.056602,540.528301,326.69969369999995,163.34984684999998,325.19225789999996,162.59612894999998,182,0.1111111111111111,0.09454662794449822
30,DL4,YAxis_AOI,1,172,172.0,1,219.0365266,219.0365266,91.04638191,91.04638191,118.5328218,118.5328218,172,0.05555555555555555,0.055501774766053565
30,DL4,Graph_AOI,4,669,167.25,4,1946.4594762000004,486.6148690500001,326.25100085400004,81.56275021350001,345.042147987,86.26053699675,232,0.2222222222222222,0.2158760890609874
30,DL4,NoAOI_AOI,5,770,154.0,5,1534.88477388,306.976954776,356.444408811,71.2888817622,442.406054806,88.48121096119999,267,0.2777777777777778,0.2484672474991933
30,DL6,Question_AOI,0,0,0,0,0,0,0,0,0,0,0,0.0,0.0
30,DL6,Title_AOI,0,0,0,0,0,0,0,0,0,0,0,0.0,0.0
30,DL6,LabelBox_AOI,0,0,0,0,0,0,0,0,0,0,0,0.0,0.0
30,DL6,OptionBox_AOI,0,0,0,0,0,0,0,0,0,0,0,0.0,0.0
30,DL6,Answers_AOI,3,952,317.3333333333333,3,136.668569576,45.55618985866667,47.780867992,15.926955997333332,405.49242391999996,135.16414130666666,383,0.12,0.1891891891891892
30,DL6,XAxis_AOI,3,419,139.66666666666666,3,1107.7069574999998,369.23565249999996,280.798701209,93.59956706966666,149.53889680399996,49.846298934666656,176,0.12,0.08326709062003179
30,DL6,YAxis_AOI,3,787,262.3333333333333,3,997.91851496,332.6395049866667,277.39306933,92.46435644333333,432.7928882,144.26429606666667,522,0.12,0.15639904610492847
30,DL6,Graph_AOI,1,100,100.0,1,271.97426349999995,271.97426349999995,17.76874885,17.76874885,141.01458480000005,141.01458480000005,100,0.04,0.01987281399046105
30,DL6,NoAOI_AOI,15,2774,184.93333333333334,15,4240.684978139999,282.7123318759999,1414.114958971,94.27433059806667,1260.0374851460003,84.00249900973336,383,0.6,0.5512718600953895
30,DH8,Question_AOI,0,0,0,0,0,0,0,0,0,0,0,0.0,0.0
30,DH8,Title_AOI,0,0,0,0,0,0,0,0,0,0,0,0.0,0.0
30,DH8,LabelBox_AOI,0,0,0,0,0,0,0,0,0,0,0,0.0,0.0
30,DH8,OptionBox_AOI,2,259,129.5,2,753.2712782,376.6356391,130.865821986,65.432910993,189.36413206999998,94.68206603499999,159,0.07692307692307693,0.06428394142467113
30,DH8,Answers_AOI,0,0,0,0,0,0,0,0,0,0,0,0.0,0.0
30,DH8,XAxis_AOI,3,552,184.0,3,909.5449723000002,303.1816574333334,190.54657242000002,63.515524140000004,126.9031773,42.301059099999996,224,0.11538461538461539,0.1370067014147431
30,DH8,YAxis_AOI,0,0,0,0,0,0,0,0,0,0,0,0.0,0.0
30,DH8,Graph_AOI,16,2162,135.125,16,4475.8827704899995,279.74267315562497,1615.6433040590002,100.97770650368751,1096.3475689360002,68.52172305850002,188,0.6153846153846154,0.5366095805410772
30,DH8,NoAOI_AOI,5,1056,211.2,5,2041.08527089,408.217054178,284.149426755,56.829885350999994,525.796075377,105.1592150754,408,0.19230769230769232,0.26209977661950856
30,CL4,Question_AOI,0,0,0,0,0,0,0,0,0,0,0,0.0,0.0
30,CL4,Title_AOI,1,141,141.0,1,718.0062674,718.0062674,43.36342296,43.36342296,136.9859372,136.9859372,141,0.02702702702702703,0.018486954241510423
30,CL4,LabelBox_AOI,1,117,117.0,1,46.32493929,46.32493929,57.33908728,57.33908728,9.061411326,9.061411326,117,0.02702702702702703,0.015340238625934182
30,CL4,OptionBox_AOI,0,0,0,0,0,0,0,0,0,0,0,0.0,0.0
30,CL4,Answers_AOI,4,1603,400.75,4,207.4675082,51.86687705,40.146489724000006,10.036622431000001,208.90972014,52.227430035,808,0.10810810810810811,0.2101743804903632
30,CL4,XAxis_AOI,2,274,137.0,2,1211.4367490000002,605.7183745000001,266.94128087999997,133.47064043999998,267.88146770000003,133.94073385000002,149,0.05405405405405406,0.035925003277828764
30,CL4,YAxis_AOI,0,0,0,0,0,0,0,0,0,0,0,0.0,0.0
30,CL4,Graph_AOI,10,1496,149.6,10,4212.5924904700005,421.259249047,1034.859448436,103.48594484360001,911.860947504,91.1860947504,250,0.2702702702702703,0.1961452733709191
30,CL4,NoAOI_AOI,19,3996,210.31578947368422,19,5238.895920714,275.73136424810525,1425.5552970409994,75.0292261600526,1616.6115891030004,85.08482047910529,704,0.5135135135135135,0.5239281499934444
30,DL8,Question_AOI,0,0,0,0,0,0,0,0,0,0,0,0.0,0.0
30,DL8,Title_AOI,2,316,158.0,2,340.96494492,170.48247246,63.98558618,31.99279309,295.9124262,147.9562131,166,0.05714285714285714,0.04834761321909425
30,DL8,LabelBox_AOI,0,0,0,0,0,0,0,0,0,0,0,0.0,0.0
30,DL8,OptionBox_AOI,1,160,160.0,1,288.340077,288.340077,50.3470816,50.3470816,143.3337186,143.3337186,160,0.02857142857142857,0.02447980416156671
30,DL8,Answers_AOI,3,1154,384.6666666666667,3,252.35332538,84.11777512666667,105.735011977,35.24500399233333,264.50946394,88.16982131333333,795,0.08571428571428572,0.17656058751529988
30,DL8,XAxis_AOI,0,0,0,0,0,0,0,0,0,0,0,0.0,0.0
30,DL8,YAxis_AOI,0,0,0,0,0,0,0,0,0,0,0,0.0,0.0
30,DL8,Graph_AOI,18,3208,178.22222222222223,18,6853.820211450001,380.76778952500007,1706.2089016249993,94.78938342361107,1507.3617999849998,83.74232222138887,348,0.5142857142857142,0.4908200734394125
30,DL8,NoAOI_AOI,11,1698,154.36363636363637,11,3877.9376094500003,352.53978267727274,961.759615915,87.4326923559091,770.85693252,70.07790295636363,242,0.3142857142857143,0.25979192166462667
30,CL1,Question_AOI,1,138,138.0,1,640.1757571,640.1757571,156.03751100000005,156.03751100000005,15.84308212,15.84308212,138,0.07692307692307693,0.062106210621062106
30,CL1,Title_AOI,1,108,108.0,1,91.30169768,91.30169768,28.81079374,28.81079374,129.99514979999998,129.99514979999998,108,0.07692307692307693,0.048604860486048604
30,CL1,LabelBox_AOI,0,0,0,0,0,0,0,0,0,0,0,0.0,0.0
30,CL1,OptionBox_AOI,0,0,0,0,0,0,0,0,0,0,0,0.0,0.0
30,CL1,Answers_AOI,0,0,0,0,0,0,0,0,0,0,0,0.0,0.0
30,CL1,XAxis_AOI,0,0,0,0,0,0,0,0,0,0,0,0.0,0.0
30,CL1,YAxis_AOI,0,0,0,0,0,0,0,0,0,0,0,0.0,0.0
30,CL1,Graph_AOI,2,289,144.5,2,660.8278846400001,330.41394232000005,210.72400636999998,105.36200318499999,331.232964,165.616482,169,0.15384615384615385,0.13006300630063006
30,CL1,NoAOI_AOI,9,1687,187.44444444444446,9,1744.2553481900002,193.8061497988889,429.715792738,47.74619919311111,892.416114688,99.15734607644444,315,0.6923076923076923,0.7592259225922592
30,CL14,Question_AOI,0,0,0,0,0,0,0,0,0,0,0,0.0,0.0
30,CL14,Title_AOI,0,0,0,0,0,0,0,0,0,0,0,0.0,0.0
30,CL14,LabelBox_AOI,0,0,0,0,0,0,0,0,0,0,0,0.0,0.0
30,CL14,OptionBox_AOI,0,0,0,0,0,0,0,0,0,0,0,0.0,0.0
30,CL14,Answers_AOI,0,0,0,0,0,0,0,0,0,0,0,0.0,0.0
30,CL14,XAxis_AOI,0,0,0,0,0,0,0,0,0,0,0,0.0,0.0
30,CL14,YAxis_AOI,0,0,0,0,0,0,0,0,0,0,0,0.0,0.0
30,CL14,Graph_AOI,6,1057,176.16666666666666,6,1898.651656255,316.44194270916665,649.84951142,108.30825190333333,505.5332099700001,84.25553499500002,324,0.3,0.28134149587436785
30,CL14,NoAOI_AOI,14,2700,192.85714285714286,14,3151.3968624259996,225.0997758875714,1147.5831806700003,81.97022719071431,697.531226994,49.823659071,491,0.7,0.7186585041256321
30,CL7,Question_AOI,1,192,192.0,1,215.7614423,215.7614423,136.69020469999998,136.69020469999998,75.46209047,75.46209047,192,0.015151515151515152,0.01540065773642416
30,CL7,Title_AOI,0,0,0,0,0,0,0,0,0,0,0,0.0,0.0
30,CL7,LabelBox_AOI,0,0,0,0,0,0,0,0,0,0,0,0.0,0.0
30,CL7,OptionBox_AOI,0,0,0,0,0,0,0,0,0,0,0,0.0,0.0
30,CL7,Answers_AOI,16,3737,233.5625,16,2715.65935037,169.728709398125,1290.2671449569998,80.64169655981249,1876.5398862190002,117.28374288868751,474,0.24242424242424243,0.299751343546964
30,CL7,XAxis_AOI,0,0,0,0,0,0,0,0,0,0,0,0.0,0.0
30,CL7,YAxis_AOI,0,0,0,0,0,0,0,0,0,0,0,0.0,0.0
30,CL7,Graph_AOI,21,3686,175.52380952380952,21,5638.9271965200005,268.5203426914286,2378.8631686149997,113.27919850547617,2193.8105420899997,104.46716867095236,372,0.3181818181818182,0.2956605438357263
30,CL7,NoAOI_AOI,28,4852,173.28571428571428,28,7820.3182255699985,279.2970794846428,2353.0944598029996,84.03908785010712,2327.6380541299995,83.12993050464284,323,0.42424242424242425,0.3891874548808855
30,CL13,Question_AOI,1,184,184.0,1,104.3886967,104.3886967,4.945966547,4.945966547,179.2331457,179.2331457,184,0.01639344262295082,0.016487455197132617
30,CL13,Title_AOI,1,118,118.0,1,106.48004509999998,106.48004509999998,14.68878677,14.68878677,175.9961256,175.9961256,118,0.01639344262295082,0.01057347670250896
30,CL13,LabelBox_AOI,0,0,0,0,0,0,0,0,0,0,0,0.0,0.0
30,CL13,OptionBox_AOI,3,667,222.33333333333334,3,755.7514590499999,251.91715301666662,170.93288131,56.97762710333333,379.85096393000003,126.61698797666668,267,0.04918032786885246,0.059767025089605734
30,CL13,Answers_AOI,4,1555,388.75,4,258.84653666,64.711634165,259.33994994,64.834987485,175.041291605,43.76032290125,876,0.06557377049180328,0.139336917562724
30,CL13,XAxis_AOI,0,0,0,0,0,0,0,0,0,0,0,0.0,0.0
30,CL13,YAxis_AOI,0,0,0,0,0,0,0,0,0,0,0,0.0,0.0
30,CL13,Graph_AOI,25,4421,176.84,25,6299.947232317,251.99788929268001,2144.6692765700004,85.78677106280001,2033.8834745449997,81.35533898179999,333,0.4098360655737705,0.39614695340501793
30,CL13,NoAOI_AOI,27,4215,156.11111111111111,27,6961.97100047,257.8507777951852,2203.7309388880003,81.61966440325926,2686.801357407,99.51116138544445,351,0.4426229508196721,0.37768817204301075
30,DH9,Question_AOI,0,0,0,0,0,0,0,0,0,0,0,0.0,0.0
30,DH9,Title_AOI,2,325,162.5,2,321.4980733,160.74903665,186.97653718000004,93.48826859000002,174.160105018,87.080052509,166,0.04,0.03084369365094429
30,DH9,LabelBox_AOI,4,1040,260.0,4,2392.693657,598.17341425,11.076877786,2.7692194465,186.18504076800002,46.546260192000005,546,0.08,0.09869981968302173
30,DH9,OptionBox_AOI,2,273,136.5,2,238.58155444,119.29077722,160.73986038,80.36993019,125.85047002,62.92523501,158,0.04,0.025908702666793206
30,DH9,Answers_AOI,3,1058,352.6666666666667,3,43.599094547,14.533031515666666,302.14190978,100.71396992666666,102.48707735999999,34.16235912,507,0.06,0.10040808579292018
30,DH9,XAxis_AOI,0,0,0,0,0,0,0,0,0,0,0,0.0,0.0
30,DH9,YAxis_AOI,4,898,224.5,4,1004.3269007199999,251.08172517999998,514.77121848,128.69280462,122.44352280100001,30.610880700250004,440,0.08,0.08522349814937838
30,DH9,Graph_AOI,22,4475,203.4090909090909,22,4653.493756747001,211.52244348850002,1677.5357159839998,76.25162345381817,2205.469990805,100.24863594568183,1035,0.44,0.4246939356553099
30,DH9,NoAOI_AOI,13,2468,189.84615384615384,13,3889.520193059999,299.1938610046153,1313.677202946,101.0520925343077,1275.767470263,98.135959251,612,0.26,0.23422226440163235
30,DL3,Question_AOI,0,0,0,0,0,0,0,0,0,0,0,0.0,0.0
30,DL3,Title_AOI,4,600,150.0,4,1853.2231108,463.3057777,425.11180823899997,106.27795205974999,320.050102707,80.01252567675,250,0.0851063829787234,0.060350030175015085
30,DL3,LabelBox_AOI,0,0,0,0,0,0,0,0,0,0,0,0.0,0.0
30,DL3,OptionBox_AOI,2,333,166.5,2,342.29474041000003,171.14737020500002,93.62440532,46.81220266,279.1826879,139.59134395,175,0.0425531914893617,0.03349426674713337
30,DL3,Answers_AOI,5,1893,378.6,5,819.5035061999997,163.90070123999993,295.62142842,59.12428568399999,326.4158113,65.28316226,749,0.10638297872340426,0.19040434520217261
30,DL3,XAxis_AOI,2,366,183.0,2,752.11758587,376.058792935,274.483481,137.2417405,191.67366007,95.836830035,199,0.0425531914893617,0.036813518406759206
30,DL3,YAxis_AOI,0,0,0,0,0,0,0,0,0,0,0,0.0,0.0
30,DL3,Graph_AOI,16,3118,194.875,16,3710.7870450600003,231.92419031625002,1529.3666832630001,95.58541770393751,1266.2324609840002,79.13952881150001,370,0.3404255319148936,0.3136189901428284
30,DL3,NoAOI_AOI,18,3632,201.77777777777777,18,3465.975962630001,192.55422014611116,985.7065070089999,54.761472611611104,1786.3530989000003,99.2418388277778,642,0.3829787234042553,0.3653188493260913
30,DH7,Question_AOI,0,0,0,0,0,0,0,0,0,0,0,0.0,0.0
30,DH7,Title_AOI,5,952,190.4,5,2053.8591839,410.77183678,240.98070732099998,48.1961414642,633.3500694,126.67001388000001,292,0.0625,0.06209640597482226
30,DH7,LabelBox_AOI,1,108,108.0,1,307.36623110000005,307.36623110000005,2.797243523,2.797243523,50.33080241,50.33080241,108,0.0125,0.007044550257647903
30,DH7,OptionBox_AOI,0,0,0,0,0,0,0,0,0,0,0,0.0,0.0
30,DH7,Answers_AOI,9,2795,310.55555555555554,9,1341.79104943,149.0878943811111,675.064097265,75.00712191833333,626.984790785,69.66497675388888,928,0.1125,0.1823103515752397
30,DH7,XAxis_AOI,9,1577,175.22222222222223,9,1891.8157274610003,210.2017474956667,594.131460565,66.01460672944444,719.18346215,79.90927357222222,316,0.1125,0.10286347922509947
30,DH7,YAxis_AOI,0,0,0,0,0,0,0,0,0,0,0,0.0,0.0
30,DH7,Graph_AOI,22,3732,169.63636363636363,22,6516.055506329999,296.18434119681814,2015.3104671720002,91.60502123509092,1738.13425819,79.006102645,343,0.275,0.2434283477920553
30,DH7,NoAOI_AOI,34,6167,181.38235294117646,34,7549.9907581900015,222.05855171147064,2250.842052429,66.20123683614706,2769.6701202320005,81.46088588917648,848,0.425,0.40225686517513537
30,CL6,Question_AOI,0,0,0,0,0,0,0,0,0,0,0,0.0,0.0
30,CL6,Title_AOI,0,0,0,0,0,0,0,0,0,0,0,0.0,0.0
30,CL6,LabelBox_AOI,2,313,156.5,2,194.09653457000002,97.04826728500001,113.11229694,56.55614847,140.82268865999998,70.41134432999999,192,0.06896551724137931,0.05909005097224844
30,CL6,OptionBox_AOI,0,0,0,0,0,0,0,0,0,0,0,0.0,0.0
30,CL6,Answers_AOI,0,0,0,0,0,0,0,0,0,0,0,0.0,0.0
30,CL6,XAxis_AOI,0,0,0,0,0,0,0,0,0,0,0,0.0,0.0
30,CL6,YAxis_AOI,0,0,0,0,0,0,0,0,0,0,0,0.0,0.0
30,CL6,Graph_AOI,9,1558,173.11111111111111,9,2213.55363071,245.95040341222224,1028.3825705699999,114.26473006333332,825.5781330930001,91.73090367700001,301,0.3103448275862069,0.2941287521238437
30,CL6,NoAOI_AOI,18,3426,190.33333333333334,18,3258.1128063800006,181.00626702111114,1453.669220381,80.75940113227779,1163.7998531950002,64.65554739972224,325,0.6206896551724138,0.6467811969039079
30,CH9,Question_AOI,0,0,0,0,0,0,0,0,0,0,0,0.0,0.0
30,CH9,Title_AOI,0,0,0,0,0,0,0,0,0,0,0,0.0,0.0
30,CH9,LabelBox_AOI,20,5371,268.55,20,4022.9275131740005,201.14637565870004,1150.92986386,57.546493193,1510.912524856,75.5456262428,788,0.3225806451612903,0.4394534446080838
30,CH9,OptionBox_AOI,0,0,0,0,0,0,0,0,0,0,0,0.0,0.0
30,CH9,Answers_AOI,18,2896,160.88888888888889,18,2072.0690249670006,115.11494583150004,1728.870251561,96.04834730894444,1841.5392595700005,102.3077366427778,261,0.2903225806451613,0.2369497627229586
30,CH9,XAxis_AOI,1,100,100.0,1,34.20526275,34.20526275,15.2551187,15.2551187,162.40757539999996,162.40757539999996,100,0.016129032258064516,0.008181966944853543
30,CH9,YAxis_AOI,0,0,0,0,0,0,0,0,0,0,0,0.0,0.0
30,CH9,Graph_AOI,8,1336,167.0,8,2987.7122649049993,373.4640331131249,1077.6690496200001,134.70863120250002,730.1592002100001,91.26990002625001,298,0.12903225806451613,0.10931107838324333
30,CH9,NoAOI_AOI,15,2519,167.93333333333334,15,7413.949558600001,494.26330390666675,1138.1732918120001,75.87821945413334,1212.6253045059998,80.84168696706665,333,0.24193548387096775,0.20610374734086073
30,CL15,Question_AOI,0,0,0,0,0,0,0,0,0,0,0,0.0,0.0
30,CL15,Title_AOI,0,0,0,0,0,0,0,0,0,0,0,0.0,0.0
30,CL15,LabelBox_AOI,0,0,0,0,0,0,0,0,0,0,0,0.0,0.0
30,CL15,OptionBox_AOI,2,434,217.0,2,473.51384640000003,236.75692320000002,232.10457551999997,116.05228775999998,227.72432187000004,113.86216093500002,334,0.05263157894736842,0.061507936507936505
30,CL15,Answers_AOI,8,1540,192.5,8,2102.2813249310007,262.7851656163751,1069.2728502300001,133.65910627875002,831.7517477389999,103.96896846737499,442,0.21052631578947367,0.21825396825396826
30,CL15,XAxis_AOI,1,108,108.0,1,110.2905254,110.2905254,4.159642294,4.159642294,154.48115239999996,154.48115239999996,108,0.02631578947368421,0.015306122448979591
30,CL15,YAxis_AOI,0,0,0,0,0,0,0,0,0,0,0,0.0,0.0
30,CL15,Graph_AOI,11,2012,182.9090909090909,11,3395.5233321,308.6839392818182,984.4898559999999,89.49907781818182,1098.0391386170002,99.82173987427274,252,0.2894736842105263,0.28514739229024944
30,CL15,NoAOI_AOI,16,2962,185.125,16,4273.61117868,267.1006986675,671.7622630640001,41.985141441500005,1304.5484410899999,81.53427756812499,284,0.42105263157894735,0.4197845804988662
30,CL8,Question_AOI,0,0,0,0,0,0,0,0,0,0,0,0.0,0.0
30,CL8,Title_AOI,2,423,211.5,2,142.76089711999998,71.38044855999999,12.059884422,6.029942211,342.27828039999997,171.13914019999999,223,0.0625,0.06904995102840353
30,CL8,LabelBox_AOI,0,0,0,0,0,0,0,0,0,0,0,0.0,0.0
30,CL8,OptionBox_AOI,0,0,0,0,0,0,0,0,0,0,0,0.0,0.0
30,CL8,Answers_AOI,0,0,0,0,0,0,0,0,0,0,0,0.0,0.0
30,CL8,XAxis_AOI,0,0,0,0,0,0,0,0,0,0,0,0.0,0.0
30,CL8,YAxis_AOI,0,0,0,0,0,0,0,0,0,0,0,0.0,0.0
30,CL8,Graph_AOI,24,4849,202.04166666666666,24,3228.65246215,134.52718592291666,2044.3927321400001,85.18303050583334,1958.0239190240002,81.58432995933335,934,0.75,0.7915442376754815
30,CL8,NoAOI_AOI,6,854,142.33333333333334,6,1312.31900107,218.71983351166668,406.325333259,67.7208888765,755.49092083,125.91515347166667,191,0.1875,0.13940581129611493
30,CL10,Question_AOI,0,0,0,0,0,0,0,0,0,0,0,0.0,0.0
30,CL10,Title_AOI,0,0,0,0,0,0,0,0,0,0,0,0.0,0.0
30,CL10,LabelBox_AOI,0,0,0,0,0,0,0,0,0,0,0,0.0,0.0
30,CL10,OptionBox_AOI,0,0,0,0,0,0,0,0,0,0,0,0.0,0.0
30,CL10,Answers_AOI,1,124,124.0,1,44.91102315,44.91102315,101.5601308,101.5601308,11.56013079,11.56013079,124,0.03333333333333333,0.02156146757085724
30,CL10,XAxis_AOI,0,0,0,0,0,0,0,0,0,0,0,0.0,0.0
30,CL10,YAxis_AOI,0,0,0,0,0,0,0,0,0,0,0,0.0,0.0
30,CL10,Graph_AOI,18,3670,203.88888888888889,18,3029.2452237499997,168.29140131944442,1397.5307183129999,77.64059546183333,1436.9618808159998,79.83121560088888,437,0.6,0.638149886976178
30,CL10,NoAOI_AOI,11,1957,177.9090909090909,11,1191.823387339,108.34758066718182,1195.1313018909998,108.64830017190907,1261.29545063,114.66322278454545,300,0.36666666666666664,0.3402886454529647
