ParticipantID,Task,NumFixations,FixationDuration_Sum,FixationDuration_Average,FixationDuration_StandardDeviation,Saccade_length_Sum,Saccade_length_Average,Saccade_length_StandardDeviation,Saccade_absolute_angle_Sum,Saccade_absolute_angle_Average,Saccade_absolute_angle_StandardDeviation,Saccade_relative_angle_Sum,Saccade_relative_angle_Average,Saccade_relative_angle_StandardDeviation,Question_AOI_NumberOfFixations,Question_AOI_FixationDurationSum,Question_AOI_FixationDurationMean,Question_AOI_LongestFixationInAOI,Question_AOI_ProportionOfTotalFixations,Question_AOI_ProportionOFTotalFixationDuration,Title_AOI_NumberOfFixations,Title_AOI_FixationDurationSum,Title_AOI_FixationDurationMean,Title_AOI_LongestFixationInAOI,Title_AOI_ProportionOfTotalFixations,Title_AOI_ProportionOFTotalFixationDuration,LabelBox_AOI_NumberOfFixations,LabelBox_AOI_FixationDurationSum,LabelBox_AOI_FixationDurationMean,LabelBox_AOI_LongestFixationInAOI,LabelBox_AOI_ProportionOfTotalFixations,LabelBox_AOI_ProportionOFTotalFixationDuration,OptionBox_AOI_NumberOfFixations,OptionBox_AOI_FixationDurationSum,OptionBox_AOI_FixationDurationMean,OptionBox_AOI_LongestFixationInAOI,OptionBox_AOI_ProportionOfTotalFixations,OptionBox_AOI_ProportionOFTotalFixationDuration,Answers_AOI_NumberOfFixations,Answers_AOI_FixationDurationSum,Answers_AOI_FixationDurationMean,Answers_AOI_LongestFixationInAOI,Answers_AOI_ProportionOfTotalFixations,Answers_AOI_ProportionOFTotalFixationDuration,XAxis_AOI_NumberOfFixations,XAxis_AOI_FixationDurationSum,XAxis_AOI_FixationDurationMean,XAxis_AOI_LongestFixationInAOI,XAxis_AOI_ProportionOfTotalFixations,XAxis_AOI_ProportionOFTotalFixationDuration,YAxis_AOI_NumberOfFixations,YAxis_AOI_FixationDurationSum,YAxis_AOI_FixationDurationMean,YAxis_AOI_LongestFixationInAOI,YAxis_AOI_ProportionOfTotalFixations,YAxis_AOI_ProportionOFTotalFixationDuration,Graph_AOI_NumberOfFixations,Graph_AOI_FixationDurationSum,Graph_AOI_FixationDurationMean,Graph_AOI_LongestFixationInAOI,Graph_AOI_ProportionOfTotalFixations,Graph_AOI_ProportionOFTotalFixationDuration,NoAOI_AOI_NumberOfFixations,NoAOI_AOI_FixationDurationSum,NoAOI_AOI_FixationDurationMean,NoAOI_AOI_LongestFixationInAOI,NoAOI_AOI_ProportionOfTotalFixations,NoAOI_AOI_ProportionOFTotalFixationDuration
7,DL11,47,8294,176.4680851,0,17994.3147,382.8577596,0,4304.521033,91.58555389,0,3355.86362,71.40135361,0,1,409,409,409,0.021276596,0.049312756,2,521,260.5,409,0.042553191,0.062816494,1,409,409,409,0.021276596,0.049312756,8,2513,314.125,791,0.170212766,0.302990113,4,864,216,409,0.085106383,0.10417169,1,409,409,409,0.021276596,0.049312756,1,409,409,409,0.021276596,0.049312756,16,2657,166.0625,409,0.340425532,0.320352062,21,3375,160.7142857,440,0.446808511,0.406920666
7,DH5,79,14068,178.0759494,0,20211.70511,255.8443685,0,7299.46429,92.39828215,0,6213.795422,78.65563825,0,1,148,148,148,0.012658228,0.01052033,1,148,148,148,0.012658228,0.01052033,5,692,138.4,175,0.063291139,0.04918965,19,4052,213.2631579,618,0.240506329,0.288029571,5,920,184,243,0.063291139,0.065396645,1,148,148,148,0.012658228,0.01052033,1,148,148,148,0.012658228,0.01052033,36,5904,164,402,0.455696203,0.41967586,18,3092,171.7777778,358,0.227848101,0.219789593
7,CL3,9,2519,279.8888889,0,5015.348957,557.2609952,0,852.0858838,94.67620931,0,681.7547177,75.75052419,0,2,341,170.5,200,0.222222222,0.135371179,1,200,200,200,0.111111111,0.079396586,1,200,200,200,0.111111111,0.079396586,3,461,153.6666667,200,0.333333333,0.183009131,1,200,200,200,0.111111111,0.079396586,1,200,200,200,0.111111111,0.079396586,1,200,200,200,0.111111111,0.079396586,3,1468,489.3333333,751,0.333333333,0.582770941,4,849,212.25,311,0.444444444,0.337038507
7,CL11,22,4805,218.4090909,0,7058.858196,320.8571907,0,2244.393494,102.0178861,0,1600.890404,72.76774563,0,2,495,247.5,352,0.090909091,0.10301769,2,368,184,225,0.090909091,0.076586889,1,143,143,143,0.045454545,0.029760666,6,942,157,272,0.272727273,0.196045786,1,143,143,143,0.045454545,0.029760666,1,143,143,143,0.045454545,0.029760666,1,143,143,143,0.045454545,0.029760666,9,1750,194.4444444,526,0.409090909,0.364203954,7,1822,260.2857143,873,0.318181818,0.379188345
7,CH5,78,13999,179.474359,0,20451.69622,262.2012336,0,7026.559695,90.08409865,0,5202.844716,66.70313739,0,2,242,121,126,0.025641026,0.017286949,1,116,116,116,0.012820513,0.008286306,1,116,116,116,0.012820513,0.008286306,8,1688,211,410,0.102564103,0.120580041,17,3663,215.4705882,810,0.217948718,0.261661547,2,258,129,142,0.025641026,0.018429888,1,116,116,116,0.012820513,0.008286306,6,880,146.6666667,301,0.076923077,0.062861633,48,7848,163.5,409,0.615384615,0.560611472
7,CH8,83,16546,199.3493976,0,31244.93203,376.4449642,0,7041.425245,84.83644873,0,5713.416902,68.83634821,0,1,183,183,183,0.012048193,0.011060075,1,183,183,183,0.012048193,0.011060075,24,5106,212.75,683,0.289156627,0.308594222,11,3010,273.6363636,543,0.13253012,0.18191708,6,1156,192.6666667,313,0.072289157,0.069865829,2,301,150.5,183,0.024096386,0.018191708,1,183,183,183,0.012048193,0.011060075,34,6199,182.3235294,533,0.409638554,0.374652484,11,1689,153.5454545,203,0.13253012,0.102079052
7,DL5,39,7032,180.3076923,0,11747.37728,301.2148021,0,3214.013538,82.41060354,0,3303.226035,84.69810345,0,1,200,200,200,0.025641026,0.028441411,1,200,200,200,0.025641026,0.028441411,2,308,154,200,0.051282051,0.043799772,1,200,200,200,0.025641026,0.028441411,3,469,156.3333333,200,0.076923077,0.066695108,1,200,200,200,0.025641026,0.028441411,1,200,200,200,0.025641026,0.028441411,25,4914,196.56,758,0.641025641,0.698805461,12,1941,161.75,385,0.307692308,0.276023891
7,CL15,26,3857,148.3461538,0,8363.52443,321.6740165,0,2505.849819,96.37883918,0,2018.430721,77.63195082,0,1,108,108,108,0.038461538,0.028001037,1,108,108,108,0.038461538,0.028001037,1,108,108,108,0.038461538,0.028001037,1,108,108,108,0.038461538,0.028001037,2,374,187,266,0.076923077,0.096966554,1,108,108,108,0.038461538,0.028001037,1,108,108,108,0.038461538,0.028001037,11,1520,138.1818182,193,0.423076923,0.39408867,15,2179,145.2666667,279,0.576923077,0.56494685
7,CL7,38,7200,189.4736842,0,10875.95838,286.2094311,0,2797.375584,73.61514694,0,3568.549407,93.90919493,0,1,241,241,241,0.026315789,0.033472222,4,815,203.75,269,0.105263158,0.113194444,1,241,241,241,0.026315789,0.033472222,1,241,241,241,0.026315789,0.033472222,7,1460,208.5714286,332,0.184210526,0.202777778,1,241,241,241,0.026315789,0.033472222,1,241,241,241,0.026315789,0.033472222,7,1048,149.7142857,241,0.184210526,0.145555556,23,4600,200,949,0.605263158,0.638888889
7,CL9,20,3394,169.7,0,7997.924434,399.8962217,0,1884.277453,94.21387266,0,1379.914702,68.99573508,0,2,487,243.5,254,0.1,0.143488509,1,233,233,233,0.05,0.06865056,1,233,233,233,0.05,0.06865056,5,881,176.2,233,0.25,0.259575722,4,783,195.75,317,0.2,0.230701237,1,233,233,233,0.05,0.06865056,1,233,233,233,0.05,0.06865056,4,659,164.75,233,0.2,0.194166176,9,1516,168.4444444,258,0.45,0.446670595
7,DH3,110,22706,206.4181818,0,37194.23728,338.1294298,0,9711.184036,88.28349124,0,8331.196006,75.73814551,0,1,140,140,140,0.009090909,0.006165771,1,140,140,140,0.009090909,0.006165771,11,2457,223.3636364,630,0.1,0.108209284,2,272,136,140,0.018181818,0.011979213,20,4513,225.65,894,0.181818182,0.198758038,6,1246,207.6666667,420,0.054545455,0.054875363,1,140,140,140,0.009090909,0.006165771,45,9411,209.1333333,1039,0.409090909,0.414471946,31,5507,177.6451613,901,0.281818182,0.242535013
7,CL5,17,2141,125.9411765,0,7231.881326,425.4047839,0,1414.705704,83.21798259,0,1140.486045,67.08741439,0,1,143,143,143,0.058823529,0.066791219,4,568,142,176,0.235294118,0.26529659,1,143,143,143,0.058823529,0.066791219,2,302,151,159,0.117647059,0.141055582,1,143,143,143,0.058823529,0.066791219,1,143,143,143,0.058823529,0.066791219,1,143,143,143,0.058823529,0.066791219,3,389,129.6666667,146,0.176470588,0.181690799,11,1311,119.1818182,157,0.647058824,0.612330687
7,CH10,64,11964,186.9375,0,8764.220454,136.9409446,0,5603.643053,87.55692271,0,5869.70416,91.7141275,0,1,107,107,107,0.015625,0.008943497,1,107,107,107,0.015625,0.008943497,5,786,157.2,208,0.078125,0.065697091,10,1684,168.4,267,0.15625,0.1407556,2,257,128.5,150,0.03125,0.02148111,2,223,111.5,116,0.03125,0.018639251,1,107,107,107,0.015625,0.008943497,45,8756,194.5777778,577,0.703125,0.731862253,5,793,158.6,243,0.078125,0.06628218
7,CH9,64,11074,173.03125,0,14263.85284,222.8727006,0,6152.143824,96.12724725,0,5325.58159,83.21221234,0,1,152,152,152,0.015625,0.013725844,3,461,153.6666667,159,0.046875,0.041629041,6,1130,188.3333333,299,0.09375,0.102040816,3,437,145.6666667,168,0.046875,0.039461802,5,747,149.4,191,0.078125,0.067455301,2,305,152.5,153,0.03125,0.02754199,1,152,152,152,0.015625,0.013725844,25,4681,187.24,819,0.390625,0.422701824,26,4225,162.5,333,0.40625,0.381524291
7,DH8,42,7880,187.6190476,0,11970.32288,285.0076877,0,3384.377772,80.58042315,0,3551.357693,84.55613555,0,1,150,150,150,0.023809524,0.019035533,1,150,150,150,0.023809524,0.019035533,2,275,137.5,150,0.047619048,0.034898477,1,150,150,150,0.023809524,0.019035533,7,1258,179.7142857,312,0.166666667,0.15964467,3,609,203,349,0.071428571,0.077284264,3,510,170,250,0.071428571,0.064720812,21,3993,190.1428571,375,0.5,0.506725888,11,1985,180.4545455,343,0.261904762,0.251903553
7,DL6,12,1528,127.3333333,0,6415.159824,534.596652,0,820.4478781,68.37065651,0,805.9558033,67.16298361,0,2,287,143.5,154,0.166666667,0.187827225,1,154,154,154,0.083333333,0.10078534,1,154,154,154,0.083333333,0.10078534,1,154,154,154,0.083333333,0.10078534,1,154,154,154,0.083333333,0.10078534,1,154,154,154,0.083333333,0.10078534,1,154,154,154,0.083333333,0.10078534,2,263,131.5,154,0.166666667,0.172120419,10,1286,128.6,159,0.833333333,0.841623037
7,DH9,130,22140,170.3076923,0,38325.58465,294.8121896,0,11349.13359,87.30102762,0,9553.914563,73.49165048,0,1,134,134,134,0.007692308,0.006052394,8,1162,145.25,242,0.061538462,0.052484192,1,134,134,134,0.007692308,0.006052394,6,1217,202.8333333,349,0.046153846,0.054968383,2,305,152.5,171,0.015384615,0.013775971,1,134,134,134,0.007692308,0.006052394,2,327,163.5,193,0.015384615,0.014769648,75,12617,168.2266667,687,0.576923077,0.569873532,42,7182,171,789,0.323076923,0.324390244
7,DL2,67,12844,191.7014925,0,17013.20665,253.9284574,0,5159.548947,77.00819324,0,5573.636461,83.1886039,0,1,100,100,100,0.014925373,0.007785737,1,100,100,100,0.014925373,0.007785737,1,100,100,100,0.014925373,0.007785737,7,1036,148,241,0.104477612,0.08066023,5,888,177.6,275,0.074626866,0.06913734,1,100,100,100,0.014925373,0.007785737,9,2023,224.7777778,400,0.134328358,0.15750545,31,6051,195.1935484,688,0.462686567,0.471114917,19,3246,170.8421053,413,0.28358209,0.252725008
7,CL8,18,3905,216.9444444,0,4860.181666,270.0100926,0,1896.724393,105.3735774,0,1690.553985,93.91966581,0,1,109,109,109,0.055555556,0.027912932,1,109,109,109,0.055555556,0.027912932,1,109,109,109,0.055555556,0.027912932,2,301,150.5,192,0.111111111,0.077080666,7,832,118.8571429,134,0.388888889,0.213060179,1,109,109,109,0.055555556,0.027912932,1,109,109,109,0.055555556,0.027912932,3,409,136.3333333,183,0.166666667,0.104737516,9,2690,298.8888889,1484,0.5,0.688860435
7,DH7,111,22976,206.990991,0,21718.12282,195.6587641,0,10130.95455,91.2698608,0,10473.17963,94.35296966,0,1,100,100,100,0.009009009,0.004352368,1,100,100,100,0.009009009,0.004352368,1,100,100,100,0.009009009,0.004352368,19,3477,183,600,0.171171171,0.151331825,14,3007,214.7857143,492,0.126126126,0.130875696,2,320,160,220,0.018018018,0.013927577,5,577,115.4,125,0.045045045,0.025113162,66,14732,223.2121212,1077,0.594594595,0.641190808,10,1363,136.3,234,0.09009009,0.059322772
7,CL13,48,8735,181.9791667,0,12196.31238,254.0898412,0,3832.022061,79.83379294,0,4357.586994,90.78306238,0,2,568,284,409,0.041666667,0.065025758,1,159,159,159,0.020833333,0.018202633,1,159,159,159,0.020833333,0.018202633,2,354,177,195,0.041666667,0.040526617,5,784,156.8,208,0.104166667,0.089753864,3,541,180.3333333,241,0.0625,0.061934745,2,259,129.5,159,0.041666667,0.02965083,23,4560,198.2608696,929,0.479166667,0.522037779,17,2623,154.2941176,275,0.354166667,0.300286205
7,CH1,24,4706,196.0833333,0,8969.441343,373.7267226,0,1767.489495,73.64539562,0,2579.523319,107.4801383,0,1,109,109,109,0.041666667,0.023161921,1,109,109,109,0.041666667,0.023161921,5,732,146.4,232,0.208333333,0.155546111,1,109,109,109,0.041666667,0.023161921,4,750,187.5,350,0.166666667,0.159371016,3,802,267.3333333,359,0.125,0.170420739,1,109,109,109,0.041666667,0.023161921,8,1310,163.75,275,0.333333333,0.278368041,8,1548,193.5,378,0.333333333,0.328941776
7,CH3,69,12885,186.7391304,0,18027.95122,261.2746553,0,6407.773342,92.86628032,0,5680.851924,82.33118731,0,2,979,489.5,751,0.028985507,0.075979821,1,751,751,751,0.014492754,0.058284827,13,3288,252.9230769,751,0.188405797,0.255180442,6,1975,329.1666667,751,0.086956522,0.153279007,8,2039,254.875,751,0.115942029,0.158246023,6,1640,273.3333333,751,0.086956522,0.127279783,1,751,751,751,0.014492754,0.058284827,15,2746,183.0666667,751,0.217391304,0.213116026,25,4724,188.96,751,0.362318841,0.366627862
7,DH2,15,2808,187.2,0,5549.792507,369.9861672,0,1479.597067,98.63980444,0,1082.781614,72.18544097,0,1,109,109,109,0.066666667,0.038817664,1,109,109,109,0.066666667,0.038817664,1,109,109,109,0.066666667,0.038817664,8,1832,229,941,0.533333333,0.652421652,1,109,109,109,0.066666667,0.038817664,2,300,150,191,0.133333333,0.106837607,1,109,109,109,0.066666667,0.038817664,7,894,127.7142857,199,0.466666667,0.318376068,1,109,109,109,0.066666667,0.038817664
7,DL14,21,3237,154.1428571,0,7904.155785,376.3883707,0,2002.204196,95.34305697,0,1271.820671,60.56288912,0,1,151,151,151,0.047619048,0.046648131,2,327,163.5,176,0.095238095,0.101019462,1,151,151,151,0.047619048,0.046648131,4,943,235.75,400,0.19047619,0.291319123,1,151,151,151,0.047619048,0.046648131,3,418,139.3333333,151,0.142857143,0.129131912,1,151,151,151,0.047619048,0.046648131,6,903,150.5,180,0.285714286,0.278962002,10,1250,125,151,0.476190476,0.386160025
7,CL6,18,2704,150.2222222,0,8414.012614,467.4451452,0,1432.28927,79.57162609,0,1754.304224,97.4613458,0,2,252,126,142,0.111111111,0.093195266,1,142,142,142,0.055555556,0.052514793,1,142,142,142,0.055555556,0.052514793,2,284,142,142,0.111111111,0.105029586,3,397,132.3333333,142,0.166666667,0.146819527,2,273,136.5,142,0.111111111,0.100961538,1,142,142,142,0.055555556,0.052514793,6,1143,190.5,324,0.333333333,0.422707101,8,1065,133.125,175,0.444444444,0.393860947
7,DL8,14,2652,189.4285714,0,4152.565686,296.6118347,0,1295.674695,92.54819252,0,1230.401104,87.88579312,0,1,250,250,250,0.071428571,0.094268477,1,250,250,250,0.071428571,0.094268477,2,475,237.5,250,0.142857143,0.179110106,3,642,214,283,0.214285714,0.242081448,1,250,250,250,0.071428571,0.094268477,1,250,250,250,0.071428571,0.094268477,1,250,250,250,0.071428571,0.094268477,4,967,241.75,432,0.285714286,0.364630468,8,1318,164.75,250,0.571428571,0.496983409
7,DH1,51,8901,174.5294118,0,13856.2977,271.6921117,0,4801.31865,94.14350295,0,4486.671957,87.97395995,0,1,142,142,142,0.019607843,0.015953264,1,142,142,142,0.019607843,0.015953264,1,142,142,142,0.019607843,0.015953264,4,607,151.75,191,0.078431373,0.068194585,6,1370,228.3333333,394,0.117647059,0.15391529,2,392,196,250,0.039215686,0.044039996,2,584,292,442,0.039215686,0.065610606,30,4574,152.4666667,397,0.588235294,0.513874846,12,2084,173.6666667,280,0.235294118,0.234130997
7,CL1,17,2936,172.7058824,0,6982.818974,410.7540573,0,1537.58523,90.44619,0,1339.828121,78.81341888,0,1,150,150,150,0.058823529,0.051089918,1,150,150,150,0.058823529,0.051089918,1,150,150,150,0.058823529,0.051089918,3,823,274.3333333,451,0.176470588,0.280313351,1,150,150,150,0.058823529,0.051089918,1,150,150,150,0.058823529,0.051089918,1,150,150,150,0.058823529,0.051089918,5,884,176.8,348,0.294117647,0.301089918,11,1529,139,291,0.647058824,0.520776567
7,CL14,53,9268,174.8679245,0,15248.58248,287.7091035,0,4659.782315,87.92042105,0,4811.615353,90.78519534,0,1,208,208,208,0.018867925,0.022442814,1,208,208,208,0.018867925,0.022442814,2,433,216.5,225,0.037735849,0.046719896,2,323,161.5,208,0.037735849,0.034851101,7,1423,203.2857143,469,0.132075472,0.153539059,3,549,183,208,0.056603774,0.059236081,1,208,208,208,0.018867925,0.022442814,25,3700,148,275,0.471698113,0.399223133,19,3880,204.2105263,897,0.358490566,0.418644799
7,DL1,23,3659,159.0869565,0,8372.904224,364.0393141,0,2284.747122,99.33683138,0,2335.306134,101.5350493,0,1,326,326,326,0.043478261,0.089095381,1,326,326,326,0.043478261,0.089095381,1,326,326,326,0.043478261,0.089095381,4,877,219.25,326,0.173913043,0.239682973,1,326,326,326,0.043478261,0.089095381,1,326,326,326,0.043478261,0.089095381,1,326,326,326,0.043478261,0.089095381,14,2327,166.2142857,326,0.608695652,0.635966111,7,1107,158.1428571,326,0.304347826,0.302541678
7,DH10,35,5660,161.7142857,0,11843.33275,338.3809358,0,3275.490409,93.58544027,0,2585.361447,73.86746992,0,1,100,100,100,0.028571429,0.017667845,1,100,100,100,0.028571429,0.017667845,2,209,104.5,109,0.057142857,0.036925795,1,100,100,100,0.028571429,0.017667845,1,100,100,100,0.028571429,0.017667845,1,100,100,100,0.028571429,0.017667845,2,216,108,116,0.057142857,0.038162544,23,3571,155.2608696,275,0.657142857,0.630918728,11,1964,178.5454545,375,0.314285714,0.346996466
7,CH2,66,12379,187.5606061,0,18860.86371,285.7706622,0,6607.949125,100.1204413,0,5283.067362,80.04647518,0,3,484,161.3333333,208,0.045454545,0.039098473,1,116,116,116,0.015151515,0.009370708,2,259,129.5,143,0.03030303,0.02092253,18,3042,169,375,0.272727273,0.245738751,2,409,204.5,293,0.03030303,0.033039826,1,116,116,116,0.015151515,0.009370708,8,2137,267.125,638,0.121212121,0.172631069,21,3565,169.7619048,549,0.318181818,0.287987721,18,3179,176.6111111,509,0.272727273,0.256805881
7,DL7,27,4526,167.6296296,0,11169.15,413.6722224,0,2903.026075,107.5194843,0,1806.861058,66.92077994,0,1,125,125,125,0.037037037,0.027618206,1,125,125,125,0.037037037,0.027618206,2,238,119,125,0.074074074,0.052585064,6,1165,194.1666667,334,0.222222222,0.257401679,6,946,157.6666667,291,0.222222222,0.209014582,1,125,125,125,0.037037037,0.027618206,1,125,125,125,0.037037037,0.027618206,9,1592,176.8888889,284,0.333333333,0.351745471,8,1085,135.625,167,0.296296296,0.239726027
7,DL13,21,3753,178.7142857,0,3231.584968,153.8849985,0,1999.944226,95.23543934,0,1716.537929,81.73990138,0,1,108,108,108,0.047619048,0.028776978,1,108,108,108,0.047619048,0.028776978,1,108,108,108,0.047619048,0.028776978,1,108,108,108,0.047619048,0.028776978,5,957,191.4,444,0.238095238,0.254996003,1,108,108,108,0.047619048,0.028776978,1,108,108,108,0.047619048,0.028776978,10,1622,162.2,292,0.476190476,0.432187583,8,1390,173.75,478,0.380952381,0.37037037
7,DL10,19,3297,173.5263158,0,10240.85254,538.992239,0,1445.739797,76.09156825,0,1249.231571,65.74903005,0,3,485,161.6666667,267,0.157894737,0.147103427,1,110,110,110,0.052631579,0.033363664,1,110,110,110,0.052631579,0.033363664,2,310,155,200,0.105263158,0.094024871,2,252,126,142,0.105263158,0.076433121,1,110,110,110,0.052631579,0.033363664,1,110,110,110,0.052631579,0.033363664,3,367,122.3333333,129,0.157894737,0.111313315,13,2323,178.6923077,662,0.684210526,0.704579921
7,DL4,13,2439,187.6153846,0,4247.673764,326.7441357,0,1339.96045,103.0738807,0,999.6599138,76.89691645,0,4,556,139,150,0.307692308,0.22796228,1,150,150,150,0.076923077,0.061500615,1,150,150,150,0.076923077,0.061500615,1,150,150,150,0.076923077,0.061500615,1,150,150,150,0.076923077,0.061500615,1,150,150,150,0.076923077,0.061500615,1,150,150,150,0.076923077,0.061500615,4,494,123.5,150,0.307692308,0.202542025,7,1689,241.2857143,704,0.538461538,0.692496925
7,DL12,50,9461,189.22,0,10801.49358,216.0298716,0,4039.624871,80.79249742,0,4034.081209,80.68162418,0,3,403,134.3333333,175,0.06,0.04259592,1,100,100,100,0.02,0.010569707,1,100,100,100,0.02,0.010569707,1,100,100,100,0.02,0.010569707,5,764,152.8,258,0.1,0.080752563,1,100,100,100,0.02,0.010569707,1,100,100,100,0.02,0.010569707,21,4800,228.5714286,586,0.42,0.507345947,24,3794,158.0833333,370,0.48,0.401014692
7,CH7,64,10729,167.640625,0,18589.27555,290.4574305,0,5432.621763,84.88471504,0,5051.165921,78.92446751,0,4,489,122.25,139,0.0625,0.045577407,1,107,107,107,0.015625,0.00997297,6,804,134,234,0.09375,0.074937086,1,107,107,107,0.015625,0.00997297,9,2076,230.6666667,525,0.140625,0.193494268,3,424,141.3333333,217,0.046875,0.03951906,1,107,107,107,0.015625,0.00997297,27,4180,154.8148148,275,0.421875,0.389598285,20,3291,164.55,383,0.3125,0.306738745
7,DL9,16,2780,173.75,0,6593.092144,412.068259,0,1570.484251,98.15526566,0,1603.306653,100.2066658,0,1,125,125,125,0.0625,0.044964029,1,125,125,125,0.0625,0.044964029,1,125,125,125,0.0625,0.044964029,1,125,125,125,0.0625,0.044964029,5,754,150.8,209,0.3125,0.271223022,3,957,319,573,0.1875,0.344244604,1,125,125,125,0.0625,0.044964029,4,457,114.25,125,0.25,0.164388489,7,987,141,175,0.4375,0.355035971
7,CL4,32,4647,145.21875,0,9798.712706,306.2097721,0,2798.030593,87.43845603,0,2783.686824,86.99021326,0,4,581,145.25,208,0.125,0.125026899,3,394,131.3333333,159,0.09375,0.084785883,1,159,159,159,0.03125,0.034215623,1,159,159,159,0.03125,0.034215623,6,831,138.5,159,0.1875,0.178825048,2,276,138,159,0.0625,0.059393157,1,159,159,159,0.03125,0.034215623,9,1502,166.8888889,309,0.28125,0.323219281,13,1858,142.9230769,251,0.40625,0.399827846
7,CL10,28,6608,236,0,6185.963487,220.9272674,0,2447.239205,87.40140019,0,2324.880822,83.03145794,0,2,285,142.5,164,0.071428571,0.04312954,1,121,121,121,0.035714286,0.018311138,1,121,121,121,0.035714286,0.018311138,3,788,262.6666667,563,0.107142857,0.119249395,8,1621,202.625,441,0.285714286,0.245308717,1,121,121,121,0.035714286,0.018311138,1,121,121,121,0.035714286,0.018311138,16,3743,233.9375,1022,0.571428571,0.566434625,3,655,218.3333333,367,0.107142857,0.099122276
7,DL15,36,8811,244.75,0,12261.22787,340.589663,0,3258.411818,90.51143938,0,2809.056767,78.02935465,0,2,1280,640,1081,0.055555556,0.145272954,1,199,199,199,0.027777778,0.022585405,1,199,199,199,0.027777778,0.022585405,5,1295,259,520,0.138888889,0.146975372,1,199,199,199,0.027777778,0.022585405,1,199,199,199,0.027777778,0.022585405,2,478,239,279,0.055555556,0.054250369,20,4835,241.75,709,0.555555556,0.548745886,11,1719,156.2727273,302,0.305555556,0.195097038
7,DL3,59,11162,189.1864407,0,18314.91379,310.4222676,0,5306.787097,89.94554402,0,4965.741633,84.16511242,0,2,341,170.5,192,0.033898305,0.030550081,2,317,158.5,192,0.033898305,0.028399928,1,192,192,192,0.016949153,0.017201218,4,596,149,192,0.06779661,0.053395449,12,2595,216.25,450,0.203389831,0.232485218,1,192,192,192,0.016949153,0.017201218,2,295,147.5,192,0.033898305,0.026428955,16,2358,147.375,208,0.271186441,0.211252464,27,5812,215.2592593,993,0.457627119,0.520695216
7,CL12,46,8244,179.2173913,0,10995.82015,239.0395684,0,4448.24927,96.70107109,0,3471.457047,75.46645754,0,4,578,144.5,199,0.086956522,0.070111596,1,125,125,125,0.02173913,0.015162542,1,125,125,125,0.02173913,0.015162542,1,125,125,125,0.02173913,0.015162542,5,964,192.8,316,0.108695652,0.116933527,2,269,134.5,144,0.043478261,0.032629791,3,450,150,175,0.065217391,0.054585153,29,5211,179.6896552,791,0.630434783,0.63209607,8,1397,174.625,267,0.173913043,0.169456574
7,CL2,34,8483,249.5,0,6793.217955,199.8005281,0,3035.454872,89.27808446,0,2120.754196,62.37512342,0,1,225,225,225,0.029411765,0.026523636,1,225,225,225,0.029411765,0.026523636,1,225,225,225,0.029411765,0.026523636,1,225,225,225,0.029411765,0.026523636,5,733,146.6,225,0.147058824,0.08640811,1,225,225,225,0.029411765,0.026523636,1,225,225,225,0.029411765,0.026523636,13,3652,280.9230769,1185,0.382352941,0.430508075,18,4548,252.6666667,792,0.529411765,0.536131086
8,CH3,182,32871,180.6098901,0,40594.19837,223.045046,0,15676.73344,86.135898,0,17317.1361,95.14909947,0,45,7996,177.6888889,588,0.247252747,0.243253932,2,391,195.5,208,0.010989011,0.011894983,18,3126,173.6666667,609,0.098901099,0.095099023,5,952,190.4,400,0.027472527,0.028961699,5,921,184.2,204,0.027472527,0.028018618,5,786,157.2,183,0.027472527,0.023911655,4,651,162.75,192,0.021978022,0.019804691,33,5374,162.8484848,452,0.181318681,0.163487573,73,14138,193.6712329,560,0.401098901,0.430105564
8,DH5,221,48239,218.2760181,0,39918.58742,180.6270924,0,19798.11109,89.58421309,0,18739.70477,84.79504419,0,31,6604,213.0322581,969,0.140271493,0.136901677,2,434,217,292,0.009049774,0.00899687,7,1344,192,292,0.031674208,0.027861274,20,3096,154.8,292,0.090497738,0.064180435,13,2602,200.1538462,446,0.058823529,0.053939758,7,1253,179,292,0.031674208,0.025974834,1,292,292,292,0.004524887,0.006053193,94,24557,261.2446809,1555,0.425339367,0.509069425,54,10393,192.462963,725,0.244343891,0.215448081
8,CH2,112,19695,175.8482143,0,19636.14281,175.3227037,0,9422.960798,84.13357855,0,10917.56102,97.47822335,0,26,4419,169.9615385,268,0.232142857,0.224371668,1,233,233,233,0.008928571,0.011830414,20,3600,180,349,0.178571429,0.18278751,6,1009,168.1666667,233,0.053571429,0.051231277,2,581,290.5,348,0.017857143,0.029499873,1,233,233,233,0.008928571,0.011830414,1,233,233,233,0.008928571,0.011830414,27,4956,183.5555556,658,0.241071429,0.251637471,36,6295,174.8611111,512,0.321428571,0.31962427
8,DL6,90,15522,172.4666667,0,17543.68434,194.929826,0,7439.373373,82.65970415,0,8193.368473,91.03742747,0,11,1630,148.1818182,209,0.122222222,0.105012241,19,3379,177.8421053,325,0.211111111,0.217691019,2,307,153.5,158,0.022222222,0.019778379,2,349,174.5,200,0.022222222,0.022484216,5,1185,237,492,0.055555556,0.076343255,3,358,119.3333333,149,0.033333333,0.023064038,4,781,195.25,217,0.044444444,0.050315681,11,1661,151,338,0.122222222,0.107009406,41,7064,172.2926829,885,0.455555556,0.455095993
8,CH9,46,7155,155.5434783,0,11681.00374,253.934864,0,3810.321506,82.83307621,0,4383.088079,95.28452347,0,16,2606,162.875,251,0.347826087,0.364220825,1,125,125,125,0.02173913,0.0174703,4,954,238.5,575,0.086956522,0.133333333,3,365,121.6666667,132,0.065217391,0.051013277,7,845,120.7142857,155,0.152173913,0.118099231,2,241,120.5,125,0.043478261,0.033682739,1,125,125,125,0.02173913,0.0174703,9,1109,123.2222222,157,0.195652174,0.154996506,11,1785,162.2727273,223,0.239130435,0.249475891
8,CL2,53,9193,173.4528302,0,9810.525579,185.1042562,0,4245.210912,80.09831909,0,4799.881215,90.5637965,0,10,1632,163.2,250,0.188679245,0.177526379,1,200,200,200,0.018867925,0.021755684,1,200,200,200,0.018867925,0.021755684,9,1375,152.7777778,267,0.169811321,0.149570325,6,1242,207,327,0.113207547,0.135102796,2,324,162,200,0.037735849,0.035244208,1,200,200,200,0.018867925,0.021755684,19,3851,202.6842105,1028,0.358490566,0.418905689,12,1769,147.4166667,200,0.226415094,0.192429022
8,CH7,101,18913,187.2574257,0,15971.33627,158.1320423,0,8835.689159,87.48207088,0,9071.771752,89.81952229,0,47,9257,196.9574468,484,0.465346535,0.4894517,2,304,152,163,0.01980198,0.0160736,17,2504,147.2941176,202,0.168316832,0.132395707,1,163,163,163,0.00990099,0.008618411,4,539,134.75,163,0.03960396,0.028498916,1,163,163,163,0.00990099,0.008618411,1,163,163,163,0.00990099,0.008618411,4,556,139,163,0.03960396,0.029397769,32,6568,205.25,969,0.316831683,0.347274362
8,DL5,69,11201,162.3333333,0,17515.01834,253.8408454,0,5332.531661,77.28306755,0,5964.605681,86.4435606,0,16,2931,183.1875,304,0.231884058,0.261673065,10,1454,145.4,213,0.144927536,0.129809838,4,1046,261.5,616,0.057971014,0.093384519,2,245,122.5,134,0.028985507,0.021873047,1,134,134,134,0.014492754,0.011963218,1,134,134,134,0.014492754,0.011963218,4,601,150.25,200,0.057971014,0.053655924,14,2047,146.2142857,263,0.202898551,0.18275154,25,3681,147.24,202,0.362318841,0.328631372
8,DL12,63,9750,154.7619048,0,14930.01414,236.9843515,0,5384.400036,85.46666724,0,6197.732623,98.37670831,0,30,4879,162.6333333,522,0.476190476,0.500410256,1,159,159,159,0.015873016,0.016307692,2,267,133.5,159,0.031746032,0.027384615,1,159,159,159,0.015873016,0.016307692,6,962,160.3333333,196,0.095238095,0.098666667,2,275,137.5,159,0.031746032,0.028205128,1,159,159,159,0.015873016,0.016307692,11,2075,188.6363636,721,0.174603175,0.212820513,17,2087,122.7647059,177,0.26984127,0.214051282
8,CL11,56,10486,187.25,0,11592.22394,207.0039989,0,4982.158072,88.96710843,0,5580.83451,99.65775911,0,20,3474,173.7,244,0.357142857,0.331298875,1,218,218,218,0.017857143,0.020789624,2,442,221,224,0.035714286,0.04215144,10,1687,168.7,227,0.178571429,0.160881175,3,1003,334.3333333,612,0.053571429,0.095651345,1,218,218,218,0.017857143,0.020789624,1,218,218,218,0.017857143,0.020789624,14,2422,173,333,0.25,0.230974633,12,2548,212.3333333,492,0.214285714,0.242990654
8,CH10,106,18518,174.6981132,0,17829.40801,168.2019624,0,9361.143202,88.31267172,0,9426.93801,88.93337745,0,6,1463,243.8333333,533,0.056603774,0.079004212,1,104,104,104,0.009433962,0.005616157,5,663,132.6,242,0.047169811,0.035803002,16,2048,128,209,0.150943396,0.110595097,3,379,126.3333333,142,0.028301887,0.020466573,1,104,104,104,0.009433962,0.005616157,1,104,104,104,0.009433962,0.005616157,55,9838,178.8727273,665,0.518867925,0.531266875,26,4647,178.7307692,356,0.245283019,0.250945026
8,CL4,129,27024,209.4883721,0,30706.86515,238.0377144,0,11339.18835,87.90068488,0,11853.60903,91.88844207,0,21,3309,157.5714286,325,0.162790698,0.122446714,1,291,291,291,0.007751938,0.010768206,1,291,291,291,0.007751938,0.010768206,11,1783,162.0909091,291,0.085271318,0.06597839,4,741,185.25,291,0.031007752,0.027420071,1,291,291,291,0.007751938,0.010768206,3,1494,498,978,0.023255814,0.055284192,35,8146,232.7428571,863,0.271317829,0.301435761,60,13006,216.7666667,995,0.465116279,0.481275903
8,DL8,39,7612,195.1794872,0,10682.4392,273.9086973,0,3186.254745,81.69883961,0,3377.815434,86.61065215,0,15,2998,199.8666667,782,0.384615385,0.393851813,1,110,110,110,0.025641026,0.014450867,1,110,110,110,0.025641026,0.014450867,3,854,284.6666667,612,0.076923077,0.112191277,5,861,172.2,225,0.128205128,0.113110878,1,110,110,110,0.025641026,0.014450867,1,110,110,110,0.025641026,0.014450867,8,1252,156.5,225,0.205128205,0.164477141,12,2087,173.9166667,268,0.307692308,0.274172359
8,DH2,29,5508,189.9310345,0,6134.218994,211.5247929,0,2714.636768,93.60816441,0,2176.094509,75.0377417,0,20,4108,205.4,575,0.689655172,0.745824256,1,116,116,116,0.034482759,0.021060276,1,116,116,116,0.034482759,0.021060276,1,116,116,116,0.034482759,0.021060276,2,283,141.5,167,0.068965517,0.051379811,1,116,116,116,0.034482759,0.021060276,1,116,116,116,0.034482759,0.021060276,2,216,108,116,0.068965517,0.039215686,8,1249,156.125,225,0.275862069,0.226761075
8,DL1,109,23821,218.5412844,0,22160.57038,203.3079851,0,8722.026642,80.01859305,0,10449.56069,95.86752922,0,55,14827,269.5818182,946,0.504587156,0.622433987,1,150,150,150,0.009174312,0.006296965,1,150,150,150,0.009174312,0.006296965,6,792,132,178,0.055045872,0.033247974,6,808,134.6666667,150,0.055045872,0.033919651,2,291,145.5,150,0.018348624,0.012216112,2,298,149,150,0.018348624,0.01250997,19,3273,172.2631579,414,0.174311927,0.137399773,25,4432,177.28,325,0.229357798,0.186054322
8,DL3,56,10180,181.7857143,0,11962.32128,213.6128799,0,4772.84947,85.22945482,0,4686.590725,83.68912009,0,15,2737,182.4666667,441,0.267857143,0.268860511,1,177,177,177,0.017857143,0.017387033,1,177,177,177,0.017857143,0.017387033,1,177,177,177,0.017857143,0.017387033,7,1502,214.5714286,379,0.125,0.147544204,3,477,159,177,0.053571429,0.046856582,4,620,155,177,0.071428571,0.060903733,17,2865,168.5294118,274,0.303571429,0.281434185,15,2864,190.9333333,727,0.267857143,0.281335953
8,CH1,55,9959,181.0727273,0,9652.122336,175.4931334,0,4995.135662,90.8206484,0,4745.836097,86.28792903,0,28,5202,185.7857143,350,0.509090909,0.522341601,1,107,107,107,0.018181818,0.010744051,5,821,164.2,217,0.090909091,0.082437996,7,982,140.2857143,169,0.127272727,0.098604278,1,107,107,107,0.018181818,0.010744051,1,107,107,107,0.018181818,0.010744051,1,107,107,107,0.018181818,0.010744051,7,1624,232,716,0.127272727,0.163068581,12,1758,146.5,217,0.218181818,0.176523747
8,CH5,172,30260,175.9302326,0,38105.2995,221.542439,0,13952.38634,81.11852521,0,16375.29015,95.2051753,0,29,4960,171.0344828,387,0.168604651,0.163912756,1,150,150,150,0.005813953,0.004957039,24,3712,154.6666667,253,0.139534884,0.122670192,6,846,141,158,0.034883721,0.0279577,15,1920,128,200,0.087209302,0.063450099,5,695,139,176,0.029069767,0.022967614,1,150,150,150,0.005813953,0.004957039,30,5543,184.7666667,714,0.174418605,0.183179114,69,13484,195.4202899,638,0.401162791,0.445604759
8,DL13,83,14049,169.2650602,0,22393.88607,269.8058563,0,6833.67497,82.33343338,0,7055.279096,85.00336261,0,12,2136,178,349,0.144578313,0.152039291,1,150,150,150,0.012048193,0.010676917,2,275,137.5,150,0.024096386,0.019574347,2,268,134,150,0.024096386,0.019076091,2,466,233,316,0.024096386,0.033169621,2,275,137.5,150,0.024096386,0.019574347,1,150,150,150,0.012048193,0.010676917,29,4983,171.8275862,552,0.34939759,0.354687166,40,6546,163.65,400,0.481927711,0.465940636
8,CL9,36,6780,188.3333333,0,10198.24646,283.2846238,0,3036.798982,84.35552728,0,2977.077028,82.69658412,0,5,812,162.4,299,0.138888889,0.119764012,1,115,115,115,0.027777778,0.016961652,3,379,126.3333333,160,0.083333333,0.055899705,1,115,115,115,0.027777778,0.016961652,4,429,107.25,115,0.111111111,0.063274336,1,115,115,115,0.027777778,0.016961652,1,115,115,115,0.027777778,0.016961652,6,828,138,208,0.166666667,0.122123894,22,4792,217.8181818,991,0.611111111,0.706784661
8,CL13,42,7554,179.8571429,0,6151.651678,146.4678971,0,3247.924648,77.33153925,0,3562.999785,84.83332822,0,7,1417,202.4285714,308,0.166666667,0.187582738,1,147,147,147,0.023809524,0.019459889,1,147,147,147,0.023809524,0.019459889,1,147,147,147,0.023809524,0.019459889,8,1066,133.25,175,0.19047619,0.141117289,1,147,147,147,0.023809524,0.019459889,1,147,147,147,0.023809524,0.019459889,6,842,140.3333333,166,0.142857143,0.111464125,24,4670,194.5833333,392,0.571428571,0.618215515
8,DH3,182,32780,180.1098901,0,34383.53561,188.9205254,0,15340.47748,84.28833778,0,17719.96391,97.36243904,0,15,2919,194.6,424,0.082417582,0.0890482,2,458,229,275,0.010989011,0.013971934,8,2778,347.25,1027,0.043956044,0.084746797,4,702,175.5,275,0.021978022,0.021415497,10,1876,187.6,275,0.054945055,0.057230018,1,275,275,275,0.005494505,0.008389262,7,1242,177.4285714,317,0.038461538,0.037888957,47,6774,144.1276596,275,0.258241758,0.206650397,96,17956,187.0416667,896,0.527472527,0.547773032
8,CL7,51,7778,152.5098039,0,14704.79099,288.3292351,0,4703.102334,92.21769282,0,4523.863255,88.70320109,0,5,760,152,205,0.098039216,0.097711494,1,109,109,109,0.019607843,0.014013885,1,109,109,109,0.019607843,0.014013885,5,640,128,211,0.098039216,0.082283363,9,1304,144.8888889,212,0.176470588,0.167652353,4,598,149.5,184,0.078431373,0.076883518,1,109,109,109,0.019607843,0.014013885,15,2009,133.9333333,207,0.294117647,0.25829262,18,3012,167.3333333,649,0.352941176,0.387246079
8,CL15,31,5767,186.0322581,0,5685.059411,183.3890133,0,2613.077692,84.29282876,0,2194.549196,70.79190955,0,7,1502,214.5714286,359,0.225806452,0.260447373,1,208,208,208,0.032258065,0.036067279,1,208,208,208,0.032258065,0.036067279,3,429,143,208,0.096774194,0.074388764,3,445,148.3333333,208,0.096774194,0.07716317,1,208,208,208,0.032258065,0.036067279,1,208,208,208,0.032258065,0.036067279,2,341,170.5,208,0.064516129,0.05912953,20,3882,194.1,491,0.64516129,0.673140281
8,DH7,92,15831,172.076087,0,23200.31844,252.1773744,0,8137.046923,88.44616221,0,8377.347668,91.05812683,0,2,308,154,208,0.02173913,0.019455499,1,100,100,100,0.010869565,0.00631672,4,462,115.5,145,0.043478261,0.029183248,5,704,140.8,233,0.054347826,0.044469711,8,1233,154.125,350,0.086956522,0.077885162,4,463,115.75,125,0.043478261,0.029246415,1,100,100,100,0.010869565,0.00631672,53,10133,191.1886792,1147,0.576086957,0.640073274,22,3128,142.1818182,183,0.239130435,0.197587013
8,DL14,37,7031,190.027027,0,11123.00438,300.62174,0,3426.864756,92.61796639,0,3172.942178,85.755194,0,4,1180,295,761,0.108108108,0.167828189,1,761,761,761,0.027027027,0.108234959,1,761,761,761,0.027027027,0.108234959,2,903,451.5,761,0.054054054,0.128431233,4,1367,341.75,761,0.108108108,0.194424691,1,761,761,761,0.027027027,0.108234959,1,761,761,761,0.027027027,0.108234959,5,1486,297.2,761,0.135135135,0.211349737,26,5139,197.6538462,761,0.702702703,0.730905988
8,CL1,33,6644,201.3333333,0,4729.088768,143.3057202,0,1892.902186,57.3606723,0,3735.630981,113.2009388,0,4,575,143.75,167,0.121212121,0.08654425,1,167,167,167,0.03030303,0.025135461,1,167,167,167,0.03030303,0.025135461,1,167,167,167,0.03030303,0.025135461,1,167,167,167,0.03030303,0.025135461,1,167,167,167,0.03030303,0.025135461,1,167,167,167,0.03030303,0.025135461,1,167,167,167,0.03030303,0.025135461,30,6236,207.8666667,779,0.909090909,0.93859121
8,DH10,61,9493,155.6229508,0,18527.9619,303.7370803,0,5314.80877,87.12801262,0,6029.223684,98.83973253,0,8,1645,205.625,488,0.131147541,0.173285579,1,150,150,150,0.016393443,0.015801117,2,284,142,150,0.032786885,0.029916781,4,644,161,217,0.06557377,0.067839461,5,714,142.8,168,0.081967213,0.075213315,3,458,152.6666667,200,0.049180328,0.048246076,4,793,198.25,309,0.06557377,0.083535236,13,1555,119.6153846,150,0.213114754,0.163804909,29,4450,153.4482759,279,0.475409836,0.468766459
8,CL5,34,6786,199.5882353,0,5886.676688,173.1375496,0,2765.215756,81.32987519,0,3054.795963,89.8469401,0,1,116,116,116,0.029411765,0.017094017,1,116,116,116,0.029411765,0.017094017,2,220,110,116,0.058823529,0.032419688,5,638,127.6,150,0.147058824,0.094017094,1,116,116,116,0.029411765,0.017094017,1,116,116,116,0.029411765,0.017094017,1,116,116,116,0.029411765,0.017094017,1,116,116,116,0.029411765,0.017094017,29,6160,212.4137931,772,0.852941176,0.907751253
8,DL4,54,8811,163.1666667,0,15909.14446,294.6137863,0,5092.971997,94.31429624,0,4425.282361,81.94967336,0,2,316,158,191,0.037037037,0.035864261,1,125,125,125,0.018518519,0.014186812,1,125,125,125,0.018518519,0.014186812,1,125,125,125,0.018518519,0.014186812,7,1641,234.4285714,649,0.12962963,0.186244467,2,225,112.5,125,0.037037037,0.025536261,1,125,125,125,0.018518519,0.014186812,12,1833,152.75,250,0.222222222,0.20803541,35,5296,151.3142857,267,0.648148148,0.601066848
8,CL10,37,5998,162.1081081,0,11038.85011,298.3473004,0,3284.638136,88.77400367,0,2766.15938,74.76106433,0,2,284,142,175,0.054054054,0.047349116,1,175,175,175,0.027027027,0.029176392,1,175,175,175,0.027027027,0.029176392,1,175,175,175,0.027027027,0.029176392,3,473,157.6666667,183,0.081081081,0.07885962,1,175,175,175,0.027027027,0.029176392,1,175,175,175,0.027027027,0.029176392,3,618,206,276,0.081081081,0.103034345,32,5148,160.875,312,0.864864865,0.858286095
8,DL11,28,5309,189.6071429,0,7003.590381,250.1282279,0,1848.649494,66.02319622,0,2258.047057,80.64453776,0,1,124,124,124,0.035714286,0.023356564,1,124,124,124,0.035714286,0.023356564,1,124,124,124,0.035714286,0.023356564,2,248,124,124,0.071428571,0.046713129,1,124,124,124,0.035714286,0.023356564,1,124,124,124,0.035714286,0.023356564,1,124,124,124,0.035714286,0.023356564,11,1652,150.1818182,283,0.392857143,0.311169712,17,3657,215.1176471,569,0.607142857,0.688830288
8,DH9,44,7515,170.7954545,0,11223.56361,255.0809911,0,3915.644992,88.99193163,0,4166.875707,94.70172062,0,2,260,130,159,0.045454545,0.034597472,1,159,159,159,0.022727273,0.021157685,6,1154,192.3333333,303,0.136363636,0.153559548,1,159,159,159,0.022727273,0.021157685,3,753,251,492,0.068181818,0.100199601,2,292,146,159,0.045454545,0.038855622,1,159,159,159,0.022727273,0.021157685,6,890,148.3333333,200,0.136363636,0.118429807,30,4961,165.3666667,337,0.681818182,0.660146374
8,DL9,24,3955,164.7916667,0,5339.293339,222.4705558,0,2203.501301,91.8125542,0,2298.023514,95.75097975,0,1,133,133,133,0.041666667,0.033628319,1,133,133,133,0.041666667,0.033628319,1,133,133,133,0.041666667,0.033628319,8,1215,151.875,226,0.333333333,0.307206068,1,133,133,133,0.041666667,0.033628319,1,133,133,133,0.041666667,0.033628319,1,133,133,133,0.041666667,0.033628319,2,288,144,155,0.083333333,0.072819216,16,2718,169.875,535,0.666666667,0.687231353
8,CL12,52,7808,150.1538462,0,12296.38469,236.4689363,0,4899.302299,94.21735191,0,4693.321794,90.25618835,0,4,510,127.5,158,0.076923077,0.065317623,1,102,102,102,0.019230769,0.013063525,1,102,102,102,0.019230769,0.013063525,1,102,102,102,0.019230769,0.013063525,9,1274,141.5555556,191,0.173076923,0.163165984,2,244,122,142,0.038461538,0.03125,1,102,102,102,0.019230769,0.013063525,13,1803,138.6923077,191,0.25,0.230917008,28,4385,156.6071429,291,0.538461538,0.561603484
8,DL10,32,5775,180.46875,0,5214.07065,162.9397078,0,2738.184555,85.56826736,0,2991.360001,93.48000003,0,4,602,150.5,174,0.125,0.104242424,1,174,174,174,0.03125,0.03012987,1,174,174,174,0.03125,0.03012987,2,354,177,180,0.0625,0.061298701,1,174,174,174,0.03125,0.03012987,1,174,174,174,0.03125,0.03012987,1,174,174,174,0.03125,0.03012987,2,364,182,190,0.0625,0.063030303,27,4977,184.3333333,474,0.84375,0.861818182
8,DH1,12,1923,160.25,0,3525.657668,293.8048056,0,776.0440342,64.67033618,0,953.8757091,79.48964242,0,3,577,192.3333333,233,0.25,0.300052002,1,233,233,233,0.083333333,0.121164847,1,233,233,233,0.083333333,0.121164847,1,233,233,233,0.083333333,0.121164847,2,374,187,233,0.166666667,0.19448778,2,382,191,233,0.166666667,0.198647946,1,233,233,233,0.083333333,0.121164847,5,784,156.8,233,0.416666667,0.407696308,4,738,184.5,233,0.333333333,0.383775351
8,DH8,39,7096,181.9487179,0,10854.17358,278.3121431,0,3173.639502,81.37537185,0,4037.063324,103.5144442,0,2,232,116,125,0.051282051,0.032694476,1,107,107,107,0.025641026,0.015078918,3,331,110.3333333,122,0.076923077,0.046645998,1,107,107,107,0.025641026,0.015078918,2,458,229,351,0.051282051,0.064543405,1,107,107,107,0.025641026,0.015078918,1,107,107,107,0.025641026,0.015078918,5,725,145,175,0.128205128,0.102170237,31,5778,186.3870968,541,0.794871795,0.814261556
8,DL15,28,5312,189.7142857,0,5486.378663,195.9420951,0,2146.021732,76.6436333,0,2927.1502,104.5410786,0,2,351,175.5,192,0.071428571,0.066076807,1,192,192,192,0.035714286,0.036144578,1,192,192,192,0.035714286,0.036144578,4,583,145.75,192,0.142857143,0.109751506,1,192,192,192,0.035714286,0.036144578,1,192,192,192,0.035714286,0.036144578,1,192,192,192,0.035714286,0.036144578,10,1673,167.3,318,0.357142857,0.314947289,15,3281,218.7333333,637,0.535714286,0.617658133
8,CL8,79,15251,193.0506329,0,17112.80031,216.6177255,0,6722.198446,85.09111957,0,7346.624548,92.99524744,0,3,525,175,250,0.037974684,0.034423972,2,402,201,250,0.025316456,0.026358927,1,250,250,250,0.012658228,0.016392368,3,616,205.3333333,250,0.037974684,0.040390794,6,906,151,250,0.075949367,0.059405941,1,250,250,250,0.012658228,0.016392368,1,250,250,250,0.012658228,0.016392368,14,2795,199.6428571,711,0.17721519,0.183266671,56,11257,201.0178571,450,0.708860759,0.738115533
8,CL14,37,7335,198.2432432,0,10108.96759,273.2153403,0,3009.261003,81.33137846,0,3971.169299,107.3289,0,2,853,426.5,665,0.054054054,0.116291752,1,665,665,665,0.027027027,0.090661213,1,665,665,665,0.027027027,0.090661213,1,665,665,665,0.027027027,0.090661213,7,2100,300,665,0.189189189,0.286298569,1,665,665,665,0.027027027,0.090661213,1,665,665,665,0.027027027,0.090661213,8,1689,211.125,665,0.216216216,0.230265849,23,4688,203.826087,665,0.621621622,0.639127471
8,DL7,45,8614,191.4222222,0,15090.10731,335.335718,0,3411.838897,75.81864215,0,4717.622282,104.8360507,0,1,167,167,167,0.022222222,0.019387044,1,167,167,167,0.022222222,0.019387044,1,167,167,167,0.022222222,0.019387044,8,1233,154.125,208,0.177777778,0.143139076,3,376,125.3333333,167,0.066666667,0.043649872,1,167,167,167,0.022222222,0.019387044,2,812,406,645,0.044444444,0.09426515,6,1589,264.8333333,915,0.133333333,0.184467147,30,5272,175.7333333,358,0.666666667,0.612026933
8,CL6,37,6659,179.972973,0,10887.30147,294.251391,0,3283.60889,88.74618622,0,2671.692856,72.20791502,0,1,292,292,292,0.027027027,0.043850428,1,292,292,292,0.027027027,0.043850428,1,292,292,292,0.027027027,0.043850428,4,1514,378.5,914,0.108108108,0.227361466,4,743,185.75,292,0.108108108,0.111578315,1,292,292,292,0.027027027,0.043850428,1,292,292,292,0.027027027,0.043850428,8,1256,157,292,0.216216216,0.188616909,24,4022,167.5833333,292,0.648648649,0.603994594
8,DL2,48,8246,171.7916667,0,12704.12979,264.6693706,0,3876.620436,80.76292575,0,4496.037464,93.66744717,0,1,150,150,150,0.020833333,0.018190638,1,150,150,150,0.020833333,0.018190638,1,150,150,150,0.020833333,0.018190638,3,384,128,150,0.0625,0.046568033,3,559,186.3333333,209,0.0625,0.067790444,1,150,150,150,0.020833333,0.018190638,1,150,150,150,0.020833333,0.018190638,10,1406,140.6,175,0.208333333,0.170506912,35,6347,181.3428571,789,0.729166667,0.769706524
8,CL3,38,7288,191.7894737,0,10440.42753,274.748093,0,3302.163625,86.89904277,0,3121.383973,82.14168349,0,8,1496,187,291,0.210526316,0.205268935,1,291,291,291,0.026315789,0.03992865,1,291,291,291,0.026315789,0.03992865,1,291,291,291,0.026315789,0.03992865,2,399,199.5,291,0.052631579,0.05474753,2,674,337,383,0.052631579,0.09248079,1,291,291,291,0.026315789,0.03992865,14,3337,238.3571429,807,0.368421053,0.45787596,16,2546,159.125,291,0.421052632,0.349341383
8,CH8,63,9721,154.3015873,0,13753.71321,218.3129081,0,5684.726463,90.23375338,0,4848.864626,76.96610518,0,2,284,142,184,0.031746032,0.029215101,1,100,100,100,0.015873016,0.010287008,1,100,100,100,0.015873016,0.010287008,1,100,100,100,0.015873016,0.010287008,1,100,100,100,0.015873016,0.010287008,2,200,100,100,0.031746032,0.020574015,1,100,100,100,0.015873016,0.010287008,42,6150,146.4285714,392,0.666666667,0.632650962,20,3387,169.35,733,0.317460317,0.348420944
10,DH7,179,42108,235.2402235,0,27454.07181,153.3747028,0,14322.69343,80.01504711,0,16631.95793,92.91596611,0,25,6636,265.44,841,0.139664804,0.157594756,1,181,181,181,0.005586592,0.004298471,11,3352,304.7272727,914,0.061452514,0.079604826,5,899,179.8,351,0.027932961,0.021349862,7,1689,241.2857143,333,0.039106145,0.040111143,2,314,157,181,0.011173184,0.007457015,4,563,140.75,181,0.022346369,0.013370381,58,13036,224.7586207,847,0.324022346,0.309584877,74,16886,228.1891892,614,0.413407821,0.401016434
10,CL14,112,29439,262.8482143,0,18189.06639,162.4023785,0,8840.85297,78.93618723,0,11430.29181,102.0561769,0,15,3599,239.9333333,620,0.133928571,0.122252794,10,3285,328.5,875,0.089285714,0.111586671,7,1823,260.4285714,302,0.0625,0.061924658,19,3764,198.1052632,392,0.169642857,0.127857604,7,1434,204.8571429,302,0.0625,0.048710894,1,302,302,302,0.008928571,0.010258501,1,302,302,302,0.008928571,0.010258501,3,732,244,302,0.026785714,0.024864975,57,16614,291.4736842,903,0.508928571,0.564353409
10,CL5,48,12019,250.3958333,0,12130.38,252.7162501,0,3710.858722,77.3095567,0,4250.163818,88.54507953,0,1,192,192,192,0.020833333,0.015974707,5,1407,281.4,613,0.104166667,0.117064648,2,450,225,258,0.041666667,0.037440719,5,937,187.4,302,0.104166667,0.077959897,3,591,197,258,0.0625,0.049172144,2,302,151,192,0.041666667,0.025126882,1,192,192,192,0.020833333,0.015974707,6,1311,218.5,341,0.125,0.109077294,31,8173,263.6451613,698,0.645833333,0.680006656
10,DL7,134,29601,220.9029851,0,25970.67147,193.8109811,0,9606.870732,71.69306516,0,13801.30884,102.9948421,0,16,3579,223.6875,663,0.119402985,0.120908077,1,105,105,105,0.007462687,0.003547177,6,1274,212.3333333,433,0.044776119,0.043039087,1,105,105,105,0.007462687,0.003547177,2,283,141.5,178,0.014925373,0.009560488,1,105,105,105,0.007462687,0.003547177,5,853,170.6,265,0.037313433,0.028816594,25,5715,228.6,646,0.186567164,0.193067802,85,18422,216.7294118,854,0.634328358,0.62234384
10,CL6,60,13190,219.8333333,0,13801.02753,230.0171255,0,4776.876808,79.61461346,0,5856.977771,97.61629619,0,13,2586,198.9230769,433,0.216666667,0.196057619,1,133,133,133,0.016666667,0.010083397,1,133,133,133,0.016666667,0.010083397,4,737,184.25,284,0.066666667,0.055875663,2,558,279,425,0.033333333,0.042304776,1,133,133,133,0.016666667,0.010083397,1,133,133,133,0.016666667,0.010083397,21,4940,235.2380952,708,0.35,0.374526156,24,4901,204.2083333,399,0.4,0.371569371
10,DH10,136,31490,231.5441176,0,32957.60537,242.3353336,0,9838.414239,72.34128117,0,14454.05138,106.2797896,0,10,2435,243.5,349,0.073529412,0.077326135,1,349,349,349,0.007352941,0.011082883,10,2515,251.5,790,0.073529412,0.079866624,2,466,233,349,0.014705882,0.014798349,4,1530,382.5,881,0.029411765,0.048586853,1,349,349,349,0.007352941,0.011082883,12,4353,362.75,1259,0.088235294,0.13823436,19,4223,222.2631579,557,0.139705882,0.134106065,85,18062,212.4941176,864,0.625,0.573578914
10,CL10,87,17176,197.4252874,0,14249.42453,163.7864889,0,7576.193697,87.08268617,0,9143.702318,105.1000266,0,4,735,183.75,241,0.045977011,0.042792268,1,209,209,209,0.011494253,0.012168142,1,209,209,209,0.011494253,0.012168142,23,4565,198.4782609,386,0.264367816,0.26577783,7,1362,194.5714286,299,0.08045977,0.079296693,1,209,209,209,0.011494253,0.012168142,2,419,209.5,210,0.022988506,0.024394504,17,3030,178.2352941,308,0.195402299,0.176408943,39,8110,207.9487179,1063,0.448275862,0.47217047
10,DL3,226,54765,242.3230088,0,47632.90927,210.7650853,0,16838.91492,74.50847311,0,21344.53991,94.44486684,0,23,4780,207.826087,586,0.101769912,0.087282023,1,150,150,150,0.004424779,0.002738976,4,743,185.75,242,0.017699115,0.013567059,3,385,128.3333333,150,0.013274336,0.007030037,12,2554,212.8333333,610,0.053097345,0.046635625,1,150,150,150,0.004424779,0.002738976,28,8868,316.7142857,1033,0.123893805,0.161928239,93,22343,240.2473118,1068,0.411504425,0.407979549,69,15992,231.7681159,947,0.305309735,0.292011321
10,CL8,85,19066,224.3058824,0,18952.06034,222.9654158,0,6888.151833,81.03708039,0,8151.278371,95.8973926,0,7,1360,194.2857143,299,0.082352941,0.071331165,6,1160,193.3333333,299,0.070588235,0.060841288,2,507,253.5,299,0.023529412,0.026591839,1,299,299,299,0.011764706,0.015682367,9,2112,234.6666667,578,0.105882353,0.110773104,1,299,299,299,0.011764706,0.015682367,5,1066,213.2,299,0.058823529,0.055911046,19,4776,251.3684211,500,0.223529412,0.250498269,43,9879,229.744186,1010,0.505882353,0.518147488
10,CL2,93,20622,221.7419355,0,17839.51003,191.8226885,0,7003.096176,75.30210942,0,7418.253173,79.76616315,0,3,471,157,174,0.032258065,0.022839686,9,1604,178.2222222,254,0.096774194,0.077781011,5,1280,256,589,0.053763441,0.062069634,9,1261,140.1111111,248,0.096774194,0.061148288,7,2232,318.8571429,892,0.075268817,0.108233925,3,385,128.3333333,172,0.032258065,0.018669382,1,172,172,172,0.010752688,0.008340607,23,4779,207.7826087,506,0.247311828,0.231742799,41,9814,239.3658537,1013,0.440860215,0.475899525
10,CL3,74,17553,237.2027027,0,12823.05388,173.284512,0,4502.439679,60.84377945,0,7871.624688,106.3733066,0,6,1477,246.1666667,386,0.081081081,0.08414516,3,910,303.3333333,317,0.040540541,0.05184299,1,317,317,317,0.013513514,0.018059591,4,1092,273,333,0.054054054,0.062211588,1,317,317,317,0.013513514,0.018059591,1,317,317,317,0.013513514,0.018059591,1,317,317,317,0.013513514,0.018059591,13,3315,255,1210,0.175675676,0.188856606,52,12027,231.2884615,1058,0.702702703,0.68518202
10,CL4,78,15833,202.9871795,0,20093.80074,257.6128299,0,5883.676805,75.43175391,0,8362.300098,107.2089756,0,7,1397,199.5714286,268,0.08974359,0.088233436,2,324,162,209,0.025641026,0.020463589,2,408,204,209,0.025641026,0.025768964,6,1084,180.6666667,209,0.076923077,0.068464599,3,559,186.3333333,235,0.038461538,0.035306006,1,209,209,209,0.012820513,0.013200278,3,472,157.3333333,209,0.038461538,0.029811154,17,3531,207.7058824,410,0.217948718,0.223015221,45,9521,211.5777778,434,0.576923077,0.601338976
10,CH3,283,68028,240.3816254,0,45455.60265,160.6205041,0,23424.16414,82.77089801,0,28379.28449,100.2801572,0,27,6028,223.2592593,834,0.09540636,0.088610572,7,1423,203.2857143,309,0.024734982,0.020917857,41,10337,252.1219512,816,0.144876325,0.151952137,21,3673,174.9047619,441,0.074204947,0.053992474,9,2829,314.3333333,801,0.03180212,0.041585818,5,1141,228.2,341,0.017667845,0.016772505,6,1953,325.5,707,0.021201413,0.028708767,77,19934,258.8831169,1016,0.272084806,0.293026401,98,22182,226.3469388,767,0.346289753,0.326071618
10,DH8,24,5234,218.0833333,0,6340.169824,264.1737427,0,1603.340641,66.80586003,0,2309.216598,96.21735826,0,4,1038,259.5,367,0.166666667,0.198318686,1,275,275,275,0.041666667,0.052541078,4,1161,290.25,328,0.166666667,0.221818877,1,275,275,275,0.041666667,0.052541078,3,541,180.3333333,275,0.125,0.103362629,1,275,275,275,0.041666667,0.052541078,2,483,241.5,275,0.083333333,0.092281238,1,275,275,275,0.041666667,0.052541078,15,3111,207.4,486,0.625,0.594382881
10,CH1,62,13804,222.6451613,0,12906.17149,208.1640563,0,4949.875405,79.83670008,0,7191.068785,115.9849804,0,3,739,246.3333333,392,0.048387097,0.053535207,1,392,392,392,0.016129032,0.028397566,9,2580,286.6666667,763,0.14516129,0.186902347,1,392,392,392,0.016129032,0.028397566,1,392,392,392,0.016129032,0.028397566,2,567,283.5,392,0.032258065,0.041075051,1,392,392,392,0.016129032,0.028397566,26,5883,226.2692308,631,0.419354839,0.426180817,26,5603,215.5,474,0.419354839,0.405896841
10,CH8,98,21569,220.0918367,0,16195.88833,165.2641667,0,8184.757374,83.51793239,0,9437.216817,96.29813078,0,14,2919,208.5,409,0.142857143,0.135333117,1,215,215,215,0.010204082,0.00996801,12,3457,288.0833333,1241,0.12244898,0.160276322,13,2626,202,483,0.132653061,0.121748806,4,857,214.25,326,0.040816327,0.03973295,1,215,215,215,0.010204082,0.00996801,1,215,215,215,0.010204082,0.00996801,31,6343,204.6129032,878,0.316326531,0.294079466,29,6442,222.137931,1054,0.295918367,0.298669387
10,DL9,84,19114,227.547619,0,15553.99513,185.1666087,0,6324.650398,75.29345712,0,7301.020038,86.91690521,0,10,2065,206.5,308,0.119047619,0.108035995,3,480,160,183,0.035714286,0.025112483,14,3476,248.2857143,516,0.166666667,0.181856231,1,175,175,175,0.011904762,0.009155593,9,2436,270.6666667,626,0.107142857,0.127445851,3,874,291.3333333,542,0.035714286,0.045725646,1,175,175,175,0.011904762,0.009155593,7,1311,187.2857143,325,0.083333333,0.068588469,44,9522,216.4090909,575,0.523809524,0.498168881
10,DL4,86,20278,235.7906977,0,21237.66084,246.9495446,0,6151.817407,71.53276055,0,9169.592271,106.6231659,0,22,4318,196.2727273,333,0.255813953,0.212940132,1,181,181,181,0.011627907,0.00892593,5,1574,314.8,416,0.058139535,0.077621067,1,181,181,181,0.011627907,0.00892593,3,629,209.6666667,334,0.034883721,0.031018838,1,181,181,181,0.011627907,0.00892593,1,181,181,181,0.011627907,0.00892593,18,4173,231.8333333,667,0.209302326,0.205789526,42,10308,245.4285714,923,0.488372093,0.508334155
10,CL11,58,14809,255.3275862,0,12246.69862,211.1499763,0,4545.850224,78.37672799,0,5549.070712,95.67363297,0,8,2029,253.625,400,0.137931034,0.137011277,3,833,277.6666667,391,0.051724138,0.056249578,2,541,270.5,317,0.034482759,0.036531839,6,1219,203.1666667,317,0.103448276,0.082314809,2,459,229.5,317,0.034482759,0.030994665,3,871,290.3333333,317,0.051724138,0.058815585,1,317,317,317,0.017241379,0.021405902,13,4712,362.4615385,1074,0.224137931,0.318184888,28,6364,227.2857143,459,0.482758621,0.429738672
10,CH9,99,22328,225.5353535,0,16627.82547,167.9578331,0,8649.375789,87.36743221,0,9412.068494,95.07139893,0,14,3250,232.1428571,539,0.141414141,0.145557148,2,1008,504,600,0.02020202,0.045145109,24,7946,331.0833333,716,0.242424242,0.35587603,1,408,408,408,0.01010101,0.01827302,5,895,179,408,0.050505051,0.040084199,1,408,408,408,0.01010101,0.01827302,1,408,408,408,0.01010101,0.01827302,23,4420,192.173913,433,0.232323232,0.197957721,36,6849,190.25,408,0.363636364,0.306744894
10,CH10,105,26857,255.7809524,0,19780.40344,188.3847947,0,9370.381277,89.24172645,0,9653.26421,91.93584962,0,3,627,209,250,0.028571429,0.023345869,2,624,312,466,0.019047619,0.023234166,7,2523,360.4285714,908,0.066666667,0.093941989,11,1825,165.9090909,259,0.104761905,0.067952489,10,2264,226.4,542,0.095238095,0.084298321,3,603,201,295,0.028571429,0.022452247,1,158,158,158,0.00952381,0.00588301,47,13101,278.7446809,1608,0.447619048,0.487805786,29,6396,220.5517241,1009,0.276190476,0.238150203
10,DL8,39,9857,252.7435897,0,7927.575595,203.2711691,0,2754.938227,70.63944173,0,4443.83844,113.9445754,0,11,2744,249.4545455,657,0.282051282,0.278380846,1,192,192,192,0.025641026,0.019478543,7,2065,295,692,0.179487179,0.20949579,1,192,192,192,0.025641026,0.019478543,2,317,158.5,192,0.051282051,0.032159886,1,192,192,192,0.025641026,0.019478543,1,192,192,192,0.025641026,0.019478543,7,1369,195.5714286,259,0.179487179,0.138886071,16,4130,258.125,991,0.41025641,0.41899158
10,DH1,19,4922,259.0526316,0,2680.741274,141.091646,0,1165.539101,61.34416319,0,2049.997387,107.8945993,0,4,861,215.25,289,0.210526316,0.174928891,1,165,165,165,0.052631579,0.033522958,1,165,165,165,0.052631579,0.033522958,1,165,165,165,0.052631579,0.033522958,1,165,165,165,0.052631579,0.033522958,1,165,165,165,0.052631579,0.033522958,1,165,165,165,0.052631579,0.033522958,1,165,165,165,0.052631579,0.033522958,16,4226,264.125,873,0.842105263,0.858594067
10,DH5,191,46048,241.0890052,0,33100.65363,173.3018515,0,14717.91481,77.05714561,0,18913.06523,99.02128393,0,19,4558,239.8947368,733,0.09947644,0.098983669,1,733,733,733,0.005235602,0.015918172,22,6597,299.8636364,1102,0.115183246,0.143263551,11,2286,207.8181818,733,0.057591623,0.04964385,11,2828,257.0909091,733,0.057591623,0.061414177,3,1159,386.3333333,733,0.015706806,0.025169388,1,733,733,733,0.005235602,0.015918172,61,15528,254.557377,821,0.319371728,0.337213343,70,17490,249.8571429,937,0.366492147,0.379821056
10,DL10,70,15244,217.7714286,0,12933.41534,184.7630763,0,5568.079658,79.54399512,0,6357.881003,90.82687148,0,7,1524,217.7142857,317,0.1,0.09997376,1,242,242,242,0.014285714,0.015875098,3,759,253,291,0.042857143,0.049790081,1,242,242,242,0.014285714,0.015875098,8,1497,187.125,242,0.114285714,0.098202572,1,242,242,242,0.014285714,0.015875098,5,1348,269.6,617,0.071428571,0.088428234,31,6339,204.483871,497,0.442857143,0.415835739,21,4987,237.4761905,752,0.3,0.327145106
10,DL11,48,10803,225.0625,0,5708.629443,118.9297801,0,2886.06461,60.12634604,0,5287.920632,110.1650132,0,22,5634,256.0909091,839,0.458333333,0.5215218,1,133,133,133,0.020833333,0.012311395,1,133,133,133,0.020833333,0.012311395,1,133,133,133,0.020833333,0.012311395,1,133,133,133,0.020833333,0.012311395,1,133,133,133,0.020833333,0.012311395,1,133,133,133,0.020833333,0.012311395,1,133,133,133,0.020833333,0.012311395,27,5302,196.3703704,350,0.5625,0.490789595
10,DL13,74,20105,271.6891892,0,8299.440192,112.1545972,0,4789.565151,64.72385339,0,8001.305768,108.1257536,0,21,6426,306,917,0.283783784,0.319621985,1,308,308,308,0.013513514,0.015319572,4,936,234,335,0.054054054,0.046555583,1,308,308,308,0.013513514,0.015319572,5,1095,219,424,0.067567568,0.054464064,1,308,308,308,0.013513514,0.015319572,1,308,308,308,0.013513514,0.015319572,9,2695,299.4444444,842,0.121621622,0.134046257,39,10185,261.1538462,1081,0.527027027,0.5065904
10,DL1,93,21638,232.6666667,0,16453.1217,176.9152871,0,6501.884057,69.9127318,0,9219.758831,99.13719174,0,6,1407,234.5,367,0.064516129,0.065024494,2,553,276.5,367,0.021505376,0.025556891,5,1533,306.6,450,0.053763441,0.070847583,2,516,258,367,0.021505376,0.023846936,7,2443,349,1025,0.075268817,0.112903226,1,367,367,367,0.010752688,0.016960902,1,367,367,367,0.010752688,0.016960902,23,4250,184.7826087,642,0.247311828,0.196413717,54,13138,243.2962963,875,0.580645161,0.607172567
10,CH5,192,41350,215.3645833,0,38281.86905,199.3847346,0,16039.4841,83.53897967,0,16823.13825,87.62051174,0,14,2853,203.7857143,568,0.072916667,0.068996372,1,242,242,242,0.005208333,0.005852479,24,6252,260.5,851,0.125,0.151197098,2,416,208,242,0.010416667,0.010060459,19,4395,231.3157895,633,0.098958333,0.106287787,5,881,176.2,265,0.026041667,0.021305925,4,603,150.75,242,0.020833333,0.01458283,63,13398,212.6666667,525,0.328125,0.32401451,68,14246,209.5,1044,0.354166667,0.34452237
10,DL15,77,19214,249.5324675,0,14579.66477,189.3462957,0,4060.099892,52.72857003,0,8769.993346,113.8960175,0,25,5532,221.28,342,0.324675325,0.287915062,1,133,133,133,0.012987013,0.006922036,4,466,116.5,133,0.051948052,0.024253149,1,133,133,133,0.012987013,0.006922036,2,976,488,843,0.025974026,0.050796294,1,133,133,133,0.012987013,0.006922036,1,133,133,133,0.012987013,0.006922036,13,3634,279.5384615,938,0.168831169,0.189132924,37,9138,246.972973,1407,0.480519481,0.475590715
10,DL5,56,12756,227.7857143,0,13186.39423,235.4713255,0,4354.01379,77.75024624,0,5258.818783,93.90747826,0,5,892,178.4,199,0.089285714,0.069927877,1,193,193,193,0.017857143,0.015130135,1,193,193,193,0.017857143,0.015130135,2,301,150.5,193,0.035714286,0.023596739,8,1585,198.125,356,0.142857143,0.124255252,1,193,193,193,0.017857143,0.015130135,1,193,193,193,0.017857143,0.015130135,7,1646,235.1428571,443,0.125,0.129037316,38,9104,239.5789474,1100,0.678571429,0.713703355
10,DH3,176,40408,229.5909091,0,44777.00324,254.4147911,0,13123.01717,74.56259757,0,15566.38055,88.44534404,0,13,3337,256.6923077,891,0.073863636,0.082582657,1,274,274,274,0.005681818,0.006780835,13,3440,264.6153846,575,0.073863636,0.085131657,1,274,274,274,0.005681818,0.006780835,37,8636,233.4054054,502,0.210227273,0.213720055,3,668,222.6666667,276,0.017045455,0.01653138,1,274,274,274,0.005681818,0.006780835,48,11877,247.4375,1035,0.272727273,0.293926945,67,13820,206.2686567,434,0.380681818,0.342011483
10,DL14,34,6964,204.8235294,0,8617.241247,253.448272,0,3019.783915,88.81717397,0,3191.727307,93.87433254,0,2,294,147,170,0.058823529,0.042217117,1,124,124,124,0.029411765,0.017805859,3,790,263.3333333,466,0.088235294,0.113440551,1,124,124,124,0.029411765,0.017805859,3,470,156.6666667,192,0.088235294,0.067489948,2,320,160,196,0.058823529,0.045950603,1,124,124,124,0.029411765,0.017805859,11,1888,171.6363636,403,0.323529412,0.271108558,18,3822,212.3333333,475,0.529411765,0.548822516
10,DL2,97,18949,195.3505155,0,19699.60024,203.0886622,0,7428.714393,76.58468446,0,7736.628973,79.75906157,0,3,483,161,258,0.030927835,0.025489472,1,100,100,100,0.010309278,0.005277323,2,365,182.5,265,0.020618557,0.01926223,5,634,126.8,200,0.051546392,0.03345823,5,744,148.8,275,0.051546392,0.039263286,3,333,111,125,0.030927835,0.017573487,1,100,100,100,0.010309278,0.005277323,36,7062,196.1666667,494,0.371134021,0.372684574,49,9928,202.6122449,770,0.505154639,0.523932661
10,CH2,96,20589,214.46875,0,14812.54049,154.2972968,0,9154.5728,95.36013333,0,9249.805615,96.35214183,0,7,1621,231.5714286,328,0.072916667,0.078731361,1,328,328,328,0.010416667,0.015930837,13,2977,229,500,0.135416667,0.144591772,1,328,328,328,0.010416667,0.015930837,4,856,214,328,0.041666667,0.041575599,1,328,328,328,0.010416667,0.015930837,2,928,464,600,0.020833333,0.045072612,55,11833,215.1454545,812,0.572916667,0.574724367,20,4014,200.7,662,0.208333333,0.194958473
10,DH2,61,16190,265.4098361,0,9601.129867,157.3955716,0,5193.520332,85.13967758,0,6138.142383,100.625285,0,3,574,191.3333333,242,0.049180328,0.035453984,1,242,242,242,0.016393443,0.014947498,12,3133,261.0833333,542,0.196721311,0.193514515,1,242,242,242,0.016393443,0.014947498,5,1544,308.8,483,0.081967213,0.095367511,2,434,217,242,0.032786885,0.026806671,1,242,242,242,0.016393443,0.014947498,19,6729,354.1578947,1350,0.31147541,0.41562693,25,4986,199.44,325,0.409836066,0.307967881
10,CH7,116,29063,250.5431034,0,23271.08897,200.612836,0,9039.174279,77.9239162,0,11295.33082,97.37354155,0,6,1239,206.5,318,0.051724138,0.042631525,1,318,318,318,0.00862069,0.010941747,16,4567,285.4375,533,0.137931034,0.157141383,6,1343,223.8333333,318,0.051724138,0.046209958,8,3167,395.875,966,0.068965517,0.108970168,2,442,221,318,0.017241379,0.015208341,1,318,318,318,0.00862069,0.010941747,49,13137,268.1020408,1067,0.422413793,0.45201803,35,7076,202.1714286,475,0.301724138,0.24347108
10,DL12,57,10240,179.6491228,0,12286.71934,215.5564796,0,3976.600182,69.76491547,0,6136.18839,107.6524279,0,6,1026,171,329,0.105263158,0.100195313,1,329,329,329,0.01754386,0.032128906,1,329,329,329,0.01754386,0.032128906,16,2607,162.9375,329,0.280701754,0.254589844,3,822,274,329,0.052631579,0.080273438,1,329,329,329,0.01754386,0.032128906,1,329,329,329,0.01754386,0.032128906,3,725,241.6666667,329,0.052631579,0.070800781,33,6376,193.2121212,783,0.578947368,0.62265625
10,CL7,121,26646,220.214876,0,25261.35704,208.7715458,0,9645.882558,79.71803767,0,12121.88985,100.1809078,0,6,968,161.3333333,210,0.049586777,0.036328154,15,3125,208.3333333,325,0.123966942,0.117278391,6,1233,205.5,333,0.049586777,0.046273362,3,644,214.6666667,283,0.024793388,0.024168731,3,521,173.6666667,209,0.024793388,0.019552653,1,135,135,135,0.008264463,0.005066426,1,135,135,135,0.008264463,0.005066426,10,1774,177.4,325,0.082644628,0.066576597,84,19191,228.4642857,945,0.694214876,0.720220671
10,DH9,100,23375,233.75,0,22147.38334,221.4738334,0,6904.318977,69.04318977,0,10595.14163,105.9514163,0,19,4713,248.0526316,1020,0.19,0.201625668,5,1910,382,600,0.05,0.08171123,2,733,366.5,600,0.02,0.031358289,1,600,600,600,0.01,0.025668449,7,2190,312.8571429,600,0.07,0.09368984,2,825,412.5,600,0.02,0.035294118,1,600,600,600,0.01,0.025668449,36,7974,221.5,600,0.36,0.34113369,35,8630,246.5714286,678,0.35,0.369197861
10,CL15,70,16846,240.6571429,0,13302.20411,190.0314872,0,5024.213652,71.77448074,0,7839.178683,111.9882669,0,17,3800,223.5294118,490,0.242857143,0.225572836,2,203,101.5,103,0.028571429,0.012050338,4,928,232,518,0.057142857,0.055087261,1,103,103,103,0.014285714,0.006114211,2,310,155,207,0.028571429,0.018401995,1,103,103,103,0.014285714,0.006114211,1,103,103,103,0.014285714,0.006114211,13,2665,205,383,0.185714286,0.158197792,37,9455,255.5405405,1066,0.528571429,0.561260833
10,DL6,24,4849,202.0416667,0,4703.27376,195.96974,0,1923.503242,80.14596842,0,2381.7719,99.24049585,0,2,366,183,216,0.083333333,0.07547948,1,150,150,150,0.041666667,0.030934213,1,150,150,150,0.041666667,0.030934213,1,150,150,150,0.041666667,0.030934213,2,316,158,166,0.083333333,0.065168076,3,556,185.3333333,250,0.125,0.114662817,1,150,150,150,0.041666667,0.030934213,7,1369,195.5714286,234,0.291666667,0.282326253,14,2842,203,297,0.583333333,0.586100227
10,CL9,68,14808,217.7647059,0,12705.14706,186.840398,0,5334.598334,78.4499755,0,6018.789911,88.51161634,0,6,1624,270.6666667,452,0.088235294,0.109670448,1,141,141,141,0.014705882,0.00952188,1,141,141,141,0.014705882,0.00952188,1,141,141,141,0.014705882,0.00952188,7,2466,352.2857143,750,0.102941176,0.166531605,4,950,237.5,418,0.058823529,0.064154511,5,958,191.6,419,0.073529412,0.06469476,33,6310,191.2121212,488,0.485294118,0.426121016,18,3205,178.0555556,376,0.264705882,0.216437061
10,CL13,70,17961,256.5857143,0,14316.97768,204.5282525,0,4010.036333,57.28623333,0,7869.213303,112.4173329,0,7,2874,410.5714286,1199,0.1,0.160013362,3,772,257.3333333,283,0.042857143,0.042982017,1,281,281,281,0.014285714,0.015645009,5,962,192.4,281,0.071428571,0.053560492,7,2284,326.2857143,760,0.1,0.127164412,1,281,281,281,0.014285714,0.015645009,1,281,281,281,0.014285714,0.015645009,24,5847,243.625,698,0.342857143,0.325538667,29,6627,228.5172414,388,0.414285714,0.368966093
10,CL12,62,12672,204.3870968,0,14833.39941,239.2483775,0,5580.785474,90.01266894,0,5605.352507,90.40891141,0,4,625,156.25,192,0.064516129,0.049321338,3,340,113.3333333,130,0.048387097,0.026830808,1,108,108,108,0.016129032,0.008522727,1,108,108,108,0.016129032,0.008522727,3,559,186.3333333,234,0.048387097,0.044113005,2,349,174.5,241,0.032258065,0.027541035,1,108,108,108,0.016129032,0.008522727,21,3949,188.047619,314,0.338709677,0.311631944,34,7390,217.3529412,1129,0.548387097,0.583175505
10,CL1,31,6844,220.7741935,0,5993.110723,193.3261524,0,2314.558511,74.66317777,0,2415.499737,77.91934635,0,1,210,210,210,0.032258065,0.030683811,1,210,210,210,0.032258065,0.030683811,1,210,210,210,0.032258065,0.030683811,1,210,210,210,0.032258065,0.030683811,1,210,210,210,0.032258065,0.030683811,1,210,210,210,0.032258065,0.030683811,1,210,210,210,0.032258065,0.030683811,28,6198,221.3571429,906,0.903225806,0.905610754,4,856,214,297,0.129032258,0.125073057
11,DH7,50,8428,168.56,0,17421.10078,348.4220156,0,4148.446906,82.96893812,0,4111.89175,82.237835,0,1,108,108,108,0.02,0.012814428,2,263,131.5,155,0.04,0.031205505,4,550,137.5,223,0.08,0.065258662,1,108,108,108,0.02,0.012814428,3,407,135.6666667,183,0.06,0.04829141,2,292,146,184,0.04,0.034646417,2,226,113,118,0.04,0.026815377,18,3338,185.4444444,717,0.36,0.39606075,25,4000,160,274,0.5,0.474608448
11,CH5,91,14684,161.3626374,0,20574.9452,226.0982989,0,7652.18141,84.08990561,0,6677.201852,73.37584453,0,1,994,994,994,0.010989011,0.067692727,2,1128,564,994,0.021978022,0.076818306,8,2210,276.25,994,0.087912088,0.15050395,2,1095,547.5,994,0.021978022,0.074570962,9,2205,245,994,0.098901099,0.150163443,1,994,994,994,0.010989011,0.067692727,1,994,994,994,0.010989011,0.067692727,4,1363,340.75,994,0.043956044,0.092822119,71,11653,164.1267606,994,0.78021978,0.793584854
11,CH7,60,9900,165,0,12787.65054,213.127509,0,5018.767592,83.64612653,0,4697.901783,78.29836305,0,1,178,178,178,0.016666667,0.017979798,1,178,178,178,0.016666667,0.017979798,10,1431,143.1,222,0.166666667,0.144545455,1,178,178,178,0.016666667,0.017979798,3,658,219.3333333,257,0.05,0.066464646,1,178,178,178,0.016666667,0.017979798,1,178,178,178,0.016666667,0.017979798,23,3391,147.4347826,220,0.383333333,0.342525253,27,4954,183.4814815,601,0.45,0.50040404
11,CL15,36,6828,189.6666667,0,12685.56112,352.3766978,0,3091.599819,85.87777274,0,3151.364613,87.53790592,0,1,167,167,167,0.027777778,0.024458114,1,167,167,167,0.027777778,0.024458114,1,167,167,167,0.027777778,0.024458114,1,167,167,167,0.027777778,0.024458114,1,167,167,167,0.027777778,0.024458114,1,167,167,167,0.027777778,0.024458114,1,167,167,167,0.027777778,0.024458114,17,3646,214.4705882,1004,0.472222222,0.533977739,20,3349,167.45,632,0.555555556,0.490480375
11,DH10,67,11360,169.5522388,0,22447.67065,335.0398605,0,6009.705927,89.69710339,0,5045.375654,75.30411424,0,1,102,102,102,0.014925373,0.008978873,5,754,150.8,233,0.074626866,0.066373239,4,665,166.25,262,0.059701493,0.058538732,1,102,102,102,0.014925373,0.008978873,2,206,103,104,0.029850746,0.018133803,1,102,102,102,0.014925373,0.008978873,2,219,109.5,117,0.029850746,0.019278169,28,5163,184.3928571,940,0.417910448,0.454489437,31,4863,156.8709677,583,0.462686567,0.428080986
11,CH3,60,9266,154.4333333,0,13469.38866,224.4898109,0,4845.298124,80.75496873,0,4680.774013,78.01290022,0,1,186,186,186,0.016666667,0.020073387,1,186,186,186,0.016666667,0.020073387,5,732,146.4,186,0.083333333,0.078998489,2,413,206.5,227,0.033333333,0.044571552,5,831,166.2,274,0.083333333,0.089682711,5,830,166,231,0.083333333,0.08957479,1,186,186,186,0.016666667,0.020073387,9,1453,161.4444444,308,0.15,0.156809842,39,5937,152.2307692,337,0.65,0.640729549
11,DH9,27,4873,180.4814815,0,6288.604487,232.9112773,0,2176.891553,80.62561307,0,2362.880078,87.51407697,0,1,191,191,191,0.037037037,0.039195567,1,191,191,191,0.037037037,0.039195567,2,433,216.5,242,0.074074074,0.088856967,1,191,191,191,0.037037037,0.039195567,1,191,191,191,0.037037037,0.039195567,1,191,191,191,0.037037037,0.039195567,1,191,191,191,0.037037037,0.039195567,12,1959,163.25,351,0.444444444,0.402011081,15,2863,190.8666667,703,0.555555556,0.587523086
11,CL10,82,13636,166.2926829,0,27736.53275,338.2503994,0,6552.799251,79.91218599,0,6325.070557,77.13500679,0,1,108,108,108,0.012195122,0.007920211,2,265,132.5,157,0.024390244,0.019433852,1,108,108,108,0.012195122,0.007920211,12,1903,158.5833333,275,0.146341463,0.139557055,6,812,135.3333333,192,0.073170732,0.059548255,1,108,108,108,0.012195122,0.007920211,6,931,155.1666667,305,0.073170732,0.068275154,15,2232,148.8,266,0.182926829,0.163684365,46,8033,174.6304348,813,0.56097561,0.589102376
11,DL11,23,3912,170.0869565,0,9181.650629,399.2022013,0,1955.898428,85.03906207,0,2105.439987,91.54086898,0,2,290,145,158,0.086956522,0.074130879,1,132,132,132,0.043478261,0.033742331,1,132,132,132,0.043478261,0.033742331,2,316,158,184,0.086956522,0.080777096,3,423,141,166,0.130434783,0.108128834,1,132,132,132,0.043478261,0.033742331,3,374,124.6666667,136,0.130434783,0.095603272,6,807,134.5,240,0.260869565,0.206288344,12,2362,196.8333333,614,0.52173913,0.603783231
11,CL3,58,8617,148.5689655,0,15023.99579,259.0344102,0,4830.951855,83.29227336,0,4318.833559,74.46264756,0,1,183,183,183,0.017241379,0.021237089,1,183,183,183,0.017241379,0.021237089,1,183,183,183,0.017241379,0.021237089,13,1707,131.3076923,183,0.224137931,0.198096785,6,918,153,192,0.103448276,0.106533596,1,183,183,183,0.017241379,0.021237089,1,183,183,183,0.017241379,0.021237089,13,2027,155.9230769,210,0.224137931,0.23523268,29,4514,155.6551724,606,0.5,0.523848207
11,DL3,43,8120,188.8372093,0,13402.60708,311.6885368,0,3503.672885,81.48076476,0,3466.863841,80.62474048,0,1,166,166,166,0.023255814,0.02044335,1,166,166,166,0.023255814,0.02044335,1,166,166,166,0.023255814,0.02044335,2,291,145.5,166,0.046511628,0.035837438,4,1149,287.25,730,0.093023256,0.141502463,1,166,166,166,0.023255814,0.02044335,2,323,161.5,166,0.046511628,0.039778325,9,1887,209.6666667,676,0.209302326,0.232389163,30,5134,171.1333333,405,0.697674419,0.63226601
11,DL2,37,5591,151.1081081,0,11426.6227,308.8276405,0,3059.538422,82.69022762,0,3274.213056,88.49224477,0,1,172,172,172,0.027027027,0.030763727,2,280,140,172,0.054054054,0.050080486,1,172,172,172,0.027027027,0.030763727,2,273,136.5,172,0.054054054,0.048828474,1,172,172,172,0.027027027,0.030763727,1,172,172,172,0.027027027,0.030763727,4,631,157.75,200,0.108108108,0.112859953,9,1424,158.2222222,217,0.243243243,0.254695046,24,3671,152.9583333,683,0.648648649,0.65659095
11,CH2,17,2426,142.7058824,0,4525.327539,266.1957376,0,1469.615756,86.44798566,0,1504.147598,88.4792705,0,1,124,124,124,0.058823529,0.051112943,1,124,124,124,0.058823529,0.051112943,5,760,152,208,0.294117647,0.313272877,1,124,124,124,0.058823529,0.051112943,1,124,124,124,0.058823529,0.051112943,1,124,124,124,0.058823529,0.051112943,1,124,124,124,0.058823529,0.051112943,3,334,111.3333333,124,0.176470588,0.137675185,11,1580,143.6363636,200,0.647058824,0.651277824
11,CL6,31,4553,146.8709677,0,8152.256677,262.9760218,0,2555.40209,82.43232548,0,2274.901363,73.38391495,0,1,107,107,107,0.032258065,0.023500988,1,107,107,107,0.032258065,0.023500988,1,107,107,107,0.032258065,0.023500988,2,224,112,117,0.064516129,0.049198331,3,457,152.3333333,191,0.096774194,0.10037338,1,107,107,107,0.032258065,0.023500988,1,107,107,107,0.032258065,0.023500988,13,2104,161.8461538,292,0.419354839,0.462112893,16,2089,130.5625,169,0.516129032,0.458818362
11,DL4,15,3122,208.1333333,0,6626.143831,441.7429221,0,1193.17631,79.54508734,0,825.0257092,55.00171395,0,1,113,113,113,0.066666667,0.036194747,1,113,113,113,0.066666667,0.036194747,1,113,113,113,0.066666667,0.036194747,1,113,113,113,0.066666667,0.036194747,2,240,120,127,0.133333333,0.076873799,1,113,113,113,0.066666667,0.036194747,2,304,152,191,0.133333333,0.097373479,3,386,128.6666667,158,0.2,0.123638693,11,2531,230.0909091,1004,0.733333333,0.81069827
11,DL8,12,1990,165.8333333,0,4481.983246,373.4986038,0,896.296831,74.69140258,0,950.5898909,79.21582424,0,1,144,144,144,0.083333333,0.072361809,1,144,144,144,0.083333333,0.072361809,1,144,144,144,0.083333333,0.072361809,1,144,144,144,0.083333333,0.072361809,5,1207,241.4,586,0.416666667,0.606532663,1,144,144,144,0.083333333,0.072361809,1,144,144,144,0.083333333,0.072361809,1,144,144,144,0.083333333,0.072361809,8,927,115.875,144,0.666666667,0.465829146
11,DL6,8,2061,257.625,0,3865.114934,483.1393667,0,668.4607766,83.55759708,0,613.5599125,76.69498907,0,1,1022,1022,1022,0.125,0.495875788,1,1022,1022,1022,0.125,0.495875788,1,1022,1022,1022,0.125,0.495875788,1,1022,1022,1022,0.125,0.495875788,1,1022,1022,1022,0.125,0.495875788,1,1022,1022,1022,0.125,0.495875788,1,1022,1022,1022,0.125,0.495875788,2,1129,564.5,1022,0.25,0.547792334,7,1954,279.1428571,1022,0.875,0.948083455
11,DL12,23,3855,167.6086957,0,8542.873236,371.4292711,0,1741.522179,75.71835561,0,2074.339787,90.1886864,0,1,112,112,112,0.043478261,0.029053178,2,245,122.5,133,0.086956522,0.063553826,1,112,112,112,0.043478261,0.029053178,2,221,110.5,112,0.086956522,0.057328145,2,278,139,166,0.086956522,0.072114137,1,112,112,112,0.043478261,0.029053178,1,112,112,112,0.043478261,0.029053178,4,1103,275.75,725,0.173913043,0.28612192,17,2456,144.4705882,225,0.739130435,0.637094682
11,DL14,29,5159,177.8965517,0,12659.87759,436.547503,0,2525.732186,87.09421332,0,1909.942373,65.86008182,0,1,158,158,158,0.034482759,0.03062609,2,267,133.5,158,0.068965517,0.051754216,1,158,158,158,0.034482759,0.03062609,4,631,157.75,172,0.137931034,0.122310525,3,441,147,166,0.103448276,0.085481682,1,158,158,158,0.034482759,0.03062609,1,158,158,158,0.034482759,0.03062609,5,664,132.8,158,0.172413793,0.128707114,19,3788,199.3684211,513,0.655172414,0.734250824
11,DH5,94,14970,159.2553191,0,25396.29815,270.1733846,0,7885.749429,83.89095137,0,7489.169865,79.67201984,0,1,142,142,142,0.010638298,0.009485638,6,953,158.8333333,203,0.063829787,0.063660655,6,796,132.6666667,184,0.063829787,0.053173013,5,672,134.4,166,0.053191489,0.04488978,6,845,140.8333333,175,0.063829787,0.056446226,1,142,142,142,0.010638298,0.009485638,1,142,142,142,0.010638298,0.009485638,39,6637,170.1794872,584,0.414893617,0.443353373,37,5777,156.1351351,417,0.393617021,0.385905144
11,CL4,50,7328,146.56,0,16939.41426,338.7882851,0,4401.527279,88.03054559,0,3790.775356,75.81550711,0,1,110,110,110,0.02,0.015010917,1,110,110,110,0.02,0.015010917,1,110,110,110,0.02,0.015010917,6,1037,172.8333333,308,0.12,0.141512009,7,968,138.2857143,183,0.14,0.13209607,1,110,110,110,0.02,0.015010917,3,369,123,158,0.06,0.050354803,13,1896,145.8461538,285,0.26,0.258733624,25,3498,139.92,269,0.5,0.477347162
11,CL2,12,1729,144.0833333,0,4755.841307,396.3201089,0,897.4934058,74.79111715,0,698.0367291,58.16972742,0,1,172,172,172,0.083333333,0.099479468,1,172,172,172,0.083333333,0.099479468,1,172,172,172,0.083333333,0.099479468,1,172,172,172,0.083333333,0.099479468,1,172,172,172,0.083333333,0.099479468,1,172,172,172,0.083333333,0.099479468,1,172,172,172,0.083333333,0.099479468,3,466,155.3333333,175,0.25,0.269519954,10,1435,143.5,254,0.833333333,0.829959514
11,DL7,10,1429,142.9,0,3800.590605,380.0590605,0,672.8840867,67.28840867,0,982.1652649,98.21652649,0,1,134,134,134,0.1,0.093771868,1,134,134,134,0.1,0.093771868,1,134,134,134,0.1,0.093771868,1,134,134,134,0.1,0.093771868,2,250,125,134,0.2,0.174947516,1,134,134,134,0.1,0.093771868,1,134,134,134,0.1,0.093771868,3,541,180.3333333,278,0.3,0.378586424,7,906,129.4285714,146,0.7,0.634009797
11,CL9,14,1936,138.2857143,0,3406.803592,243.3431137,0,983.5949169,70.25677978,0,846.6820577,60.47728983,0,1,100,100,100,0.071428571,0.051652893,1,100,100,100,0.071428571,0.051652893,1,100,100,100,0.071428571,0.051652893,1,100,100,100,0.071428571,0.051652893,1,100,100,100,0.071428571,0.051652893,1,100,100,100,0.071428571,0.051652893,1,100,100,100,0.071428571,0.051652893,3,344,114.6666667,134,0.214285714,0.17768595,12,1692,141,307,0.857142857,0.873966942
11,CH8,22,3520,160,0,7664.538364,348.3881075,0,1908.764266,86.76201209,0,1413.345377,64.2429717,0,1,109,109,109,0.045454545,0.030965909,3,374,124.6666667,156,0.136363636,0.10625,1,109,109,109,0.045454545,0.030965909,1,109,109,109,0.045454545,0.030965909,2,214,107,109,0.090909091,0.060795455,2,219,109.5,110,0.090909091,0.062215909,1,109,109,109,0.045454545,0.030965909,12,1638,136.5,366,0.545454545,0.465340909,7,1511,215.8571429,737,0.318181818,0.429261364
11,DH3,64,9537,149.015625,0,17225.8316,269.1536188,0,5343.351329,83.48986451,0,5901.247982,92.20699972,0,2,224,112,115,0.03125,0.02348747,1,115,115,115,0.015625,0.012058299,4,554,138.5,172,0.0625,0.058089546,1,115,115,115,0.015625,0.012058299,7,869,124.1428571,175,0.109375,0.0911188,1,115,115,115,0.015625,0.012058299,1,115,115,115,0.015625,0.012058299,7,1183,169,401,0.109375,0.1240432,48,7167,149.3125,317,0.75,0.751494181
11,DL9,12,1484,123.6666667,0,4891.99326,407.666105,0,1173.685679,97.80713995,0,877.2326728,73.10272274,0,1,101,101,101,0.083333333,0.068059299,1,101,101,101,0.083333333,0.068059299,1,101,101,101,0.083333333,0.068059299,1,101,101,101,0.083333333,0.068059299,1,101,101,101,0.083333333,0.068059299,1,101,101,101,0.083333333,0.068059299,1,101,101,101,0.083333333,0.068059299,4,497,124.25,142,0.333333333,0.33490566,9,1088,120.8888889,192,0.75,0.733153639
11,CL5,22,3431,155.9545455,0,11269.68142,512.2582465,0,1682.733892,76.48790418,0,1420.239412,64.55633689,0,1,108,108,108,0.045454545,0.031477703,3,325,108.3333333,109,0.136363636,0.09472457,1,108,108,108,0.045454545,0.031477703,4,882,220.5,284,0.181818182,0.25706791,3,393,131,176,0.136363636,0.114543865,1,108,108,108,0.045454545,0.031477703,2,214,107,108,0.090909091,0.062372486,1,108,108,108,0.045454545,0.031477703,14,2049,146.3571429,299,0.636363636,0.597201982
11,DL5,11,1535,139.5454545,0,2483.284489,225.7531354,0,749.0299689,68.09363354,0,984.9784039,89.54349127,0,1,102,102,102,0.090909091,0.066449511,1,102,102,102,0.090909091,0.066449511,1,102,102,102,0.090909091,0.066449511,1,102,102,102,0.090909091,0.066449511,1,102,102,102,0.090909091,0.066449511,1,102,102,102,0.090909091,0.066449511,1,102,102,102,0.090909091,0.066449511,3,336,112,117,0.272727273,0.218892508,9,1301,144.5555556,268,0.818181818,0.847557003
11,CL8,14,2046,146.1428571,0,5245.275594,374.6625424,0,1335.563476,95.39739112,0,1447.110074,103.3650053,0,1,117,117,117,0.071428571,0.057184751,1,117,117,117,0.071428571,0.057184751,1,117,117,117,0.071428571,0.057184751,1,117,117,117,0.071428571,0.057184751,2,292,146,175,0.142857143,0.142717498,1,117,117,117,0.071428571,0.057184751,1,117,117,117,0.071428571,0.057184751,4,617,154.25,190,0.285714286,0.301564027,10,1371,137.1,234,0.714285714,0.670087977
11,DH2,23,3989,173.4347826,0,5058.501655,219.9348546,0,1784.443143,77.58448449,0,1878.448988,81.67169515,0,1,143,143,143,0.043478261,0.035848584,1,143,143,143,0.043478261,0.035848584,1,143,143,143,0.043478261,0.035848584,4,674,168.5,231,0.173913043,0.168964653,1,143,143,143,0.043478261,0.035848584,1,143,143,143,0.043478261,0.035848584,5,915,183,324,0.217391304,0.229380797,6,1047,174.5,305,0.260869565,0.262471797,11,1782,162,309,0.47826087,0.446728503
11,CL13,25,3787,151.48,0,4489.44569,179.5778276,0,2265.870776,90.63483105,0,1783.238911,71.32955643,0,1,150,150,150,0.04,0.039609189,1,150,150,150,0.04,0.039609189,1,150,150,150,0.04,0.039609189,1,150,150,150,0.04,0.039609189,4,509,127.25,150,0.16,0.134407182,3,613,204.3333333,299,0.12,0.161869554,1,150,150,150,0.04,0.039609189,3,414,138,156,0.12,0.109321363,18,2701,150.0555556,334,0.72,0.713229469
11,CH1,6,761,126.8333333,0,3158.685225,526.4475375,0,410.5973079,68.43288465,0,403.6074467,67.26790778,0,1,116,116,116,0.166666667,0.152431012,1,116,116,116,0.166666667,0.152431012,2,233,116.5,117,0.333333333,0.306176084,1,116,116,116,0.166666667,0.152431012,1,116,116,116,0.166666667,0.152431012,1,116,116,116,0.166666667,0.152431012,1,116,116,116,0.166666667,0.152431012,3,350,116.6666667,117,0.5,0.459921156,3,410,136.6666667,183,0.5,0.538764783
11,DL15,22,3272,148.7272727,0,5161.825526,234.628433,0,2091.546142,95.07027919,0,1924.861522,87.49370555,0,1,142,142,142,0.045454545,0.043398533,1,142,142,142,0.045454545,0.043398533,1,142,142,142,0.045454545,0.043398533,1,142,142,142,0.045454545,0.043398533,2,275,137.5,142,0.090909091,0.084046455,1,142,142,142,0.045454545,0.043398533,1,142,142,142,0.045454545,0.043398533,2,271,135.5,142,0.090909091,0.082823961,20,3010,150.5,386,0.909090909,0.91992665
11,CH9,10,1348,134.8,0,4541.634672,454.1634672,0,868.6979449,86.86979449,0,465.3198074,46.53198074,0,1,100,100,100,0.1,0.074183976,1,100,100,100,0.1,0.074183976,1,100,100,100,0.1,0.074183976,1,100,100,100,0.1,0.074183976,1,100,100,100,0.1,0.074183976,1,100,100,100,0.1,0.074183976,1,100,100,100,0.1,0.074183976,3,313,104.3333333,113,0.3,0.232195846,8,1135,141.875,251,0.8,0.841988131
11,DL10,15,2796,186.4,0,5572.034591,371.4689727,0,1155.502612,77.0335075,0,1384.550238,92.30334918,0,1,104,104,104,0.066666667,0.037195994,1,104,104,104,0.066666667,0.037195994,1,104,104,104,0.066666667,0.037195994,2,206,103,104,0.133333333,0.073676681,1,104,104,104,0.066666667,0.037195994,1,104,104,104,0.066666667,0.037195994,1,104,104,104,0.066666667,0.037195994,4,444,111,124,0.266666667,0.158798283,11,2354,214,872,0.733333333,0.841917024
11,CL7,25,4779,191.16,0,8065.683171,322.6273268,0,2691.534187,107.6613675,0,1953.032175,78.12128701,0,1,133,133,133,0.04,0.02783009,1,133,133,133,0.04,0.02783009,1,133,133,133,0.04,0.02783009,5,702,140.4,181,0.2,0.146892655,1,133,133,133,0.04,0.02783009,1,133,133,133,0.04,0.02783009,1,133,133,133,0.04,0.02783009,3,350,116.6666667,133,0.12,0.073237079,19,3993,210.1578947,982,0.76,0.835530446
11,DL13,15,2251,150.0666667,0,5316.376141,354.4250761,0,1006.514327,67.10095513,0,1402.911532,93.52743549,0,1,151,151,151,0.066666667,0.067081297,3,620,206.6666667,308,0.2,0.275433141,1,151,151,151,0.066666667,0.067081297,1,151,151,151,0.066666667,0.067081297,2,267,133.5,151,0.133333333,0.118613949,1,151,151,151,0.066666667,0.067081297,1,151,151,151,0.066666667,0.067081297,2,268,134,151,0.133333333,0.119058196,11,1549,140.8181818,250,0.733333333,0.688138605
11,CL11,7,995,142.1428571,0,3188.54,455.5057143,0,681.0594201,97.29420287,0,317.5322931,45.36175616,0,1,100,100,100,0.142857143,0.100502513,1,100,100,100,0.142857143,0.100502513,1,100,100,100,0.142857143,0.100502513,1,100,100,100,0.142857143,0.100502513,1,100,100,100,0.142857143,0.100502513,1,100,100,100,0.142857143,0.100502513,1,100,100,100,0.142857143,0.100502513,2,224,112,124,0.285714286,0.225125628,6,871,145.1666667,220,0.857142857,0.875376884
11,DH1,11,2043,185.7272727,0,3346.662413,304.2420376,0,755.2672902,68.66066274,0,963.6272029,87.60247299,0,1,176,176,176,0.090909091,0.086147822,2,301,150.5,176,0.181818182,0.147332354,1,176,176,176,0.090909091,0.086147822,1,176,176,176,0.090909091,0.086147822,1,176,176,176,0.090909091,0.086147822,1,176,176,176,0.090909091,0.086147822,1,176,176,176,0.090909091,0.086147822,2,385,192.5,209,0.181818182,0.18844836,9,1709,189.8888889,588,0.818181818,0.836514929
11,CL1,10,2389,238.9,0,6430.049076,643.0049076,0,1004.509019,100.4509019,0,691.3183479,69.13183479,0,1,347,347,347,0.1,0.145249058,1,347,347,347,0.1,0.145249058,1,347,347,347,0.1,0.145249058,5,902,180.4,347,0.5,0.377563834,1,347,347,347,0.1,0.145249058,1,347,347,347,0.1,0.145249058,1,347,347,347,0.1,0.145249058,5,1029,205.8,347,0.5,0.430724152,2,1152,576,805,0.2,0.48221013
11,CL12,14,3114,222.4285714,0,5060.820582,361.4871845,0,1146.509388,81.89352769,0,973.9169368,69.56549549,0,1,235,235,235,0.071428571,0.075465639,1,235,235,235,0.071428571,0.075465639,1,235,235,235,0.071428571,0.075465639,1,235,235,235,0.071428571,0.075465639,1,235,235,235,0.071428571,0.075465639,1,235,235,235,0.071428571,0.075465639,3,486,162,235,0.214285714,0.156069364,2,678,339,443,0.142857143,0.217726397,11,2420,220,943,0.785714286,0.777135517
11,DL1,25,4119,164.76,0,11400.77998,456.0311992,0,1964.752333,78.59009331,0,2047.188098,81.88752394,0,1,108,108,108,0.04,0.026219956,1,108,108,108,0.04,0.026219956,1,108,108,108,0.04,0.026219956,1,108,108,108,0.04,0.026219956,1,108,108,108,0.04,0.026219956,1,108,108,108,0.04,0.026219956,2,232,116,124,0.08,0.056324351,5,564,112.8,125,0.2,0.136926438,20,3539,176.95,763,0.8,0.859189124
11,CL14,7,990,141.4285714,0,3506.158752,500.8798218,0,497.8841519,71.12630741,0,343.4533096,49.06475852,0,1,133,133,133,0.142857143,0.134343434,1,133,133,133,0.142857143,0.134343434,1,133,133,133,0.142857143,0.134343434,1,133,133,133,0.142857143,0.134343434,1,133,133,133,0.142857143,0.134343434,1,133,133,133,0.142857143,0.134343434,1,133,133,133,0.142857143,0.134343434,1,133,133,133,0.142857143,0.134343434,7,990,141.4285714,175,1,1
11,DH8,12,1756,146.3333333,0,3507.910458,292.3258715,0,1083.171022,90.26425186,0,989.9709082,82.49757568,0,1,110,110,110,0.083333333,0.062642369,1,110,110,110,0.083333333,0.062642369,1,110,110,110,0.083333333,0.062642369,1,110,110,110,0.083333333,0.062642369,1,110,110,110,0.083333333,0.062642369,1,110,110,110,0.083333333,0.062642369,1,110,110,110,0.083333333,0.062642369,11,1623,147.5454545,422,0.916666667,0.924259681,2,243,121.5,133,0.166666667,0.138382688
11,CH10,17,3008,176.9411765,0,2677.074674,157.4749808,0,1573.604656,92.56497976,0,1243.623144,73.15430259,0,1,183,183,183,0.058823529,0.060837766,1,183,183,183,0.058823529,0.060837766,1,183,183,183,0.058823529,0.060837766,1,183,183,183,0.058823529,0.060837766,1,183,183,183,0.058823529,0.060837766,1,183,183,183,0.058823529,0.060837766,1,183,183,183,0.058823529,0.060837766,12,2014,167.8333333,503,0.705882353,0.669547872,6,1177,196.1666667,483,0.352941176,0.391289894
