ParticipantID,Task,TotalNumFixations,TotalNumFixationsInAOI,TotalProportionsOfFixationsInAOI,FixationDuration_Sum,FixationDuration_Average,FixationDuration_StandardDeviation,Saccade_length_Sum,Saccade_length_Average,Saccade_length_StandardDeviation,Saccade_absolute_angle_Sum,Saccade_absolute_angle_Average,Saccade_absolute_angle_StandardDeviation,Saccade_relative_angle_Sum,Saccade_relative_angle_Average,Saccade_relative_angle_StandardDeviation,Question_AOI_NumberOfFixations,Question_AOI_FixationDurationSum,Question_AOI_FixationDurationMean,Question_AOI_LongestFixationInAOI,Question_AOI_ProportionOfTotalFixations,Question_AOI_ProportionOFTotalFixationDuration,Title_AOI_NumberOfFixations,Title_AOI_FixationDurationSum,Title_AOI_FixationDurationMean,Title_AOI_LongestFixationInAOI,Title_AOI_ProportionOfTotalFixations,Title_AOI_ProportionOFTotalFixationDuration,LabelBox_AOI_NumberOfFixations,LabelBox_AOI_FixationDurationSum,LabelBox_AOI_FixationDurationMean,LabelBox_AOI_LongestFixationInAOI,LabelBox_AOI_ProportionOfTotalFixations,LabelBox_AOI_ProportionOFTotalFixationDuration,OptionBox_AOI_NumberOfFixations,OptionBox_AOI_FixationDurationSum,OptionBox_AOI_FixationDurationMean,OptionBox_AOI_LongestFixationInAOI,OptionBox_AOI_ProportionOfTotalFixations,OptionBox_AOI_ProportionOFTotalFixationDuration,Answers_AOI_NumberOfFixations,Answers_AOI_FixationDurationSum,Answers_AOI_FixationDurationMean,Answers_AOI_LongestFixationInAOI,Answers_AOI_ProportionOfTotalFixations,Answers_AOI_ProportionOFTotalFixationDuration,XAxis_AOI_NumberOfFixations,XAxis_AOI_FixationDurationSum,XAxis_AOI_FixationDurationMean,XAxis_AOI_LongestFixationInAOI,XAxis_AOI_ProportionOfTotalFixations,XAxis_AOI_ProportionOFTotalFixationDuration,YAxis_AOI_NumberOfFixations,YAxis_AOI_FixationDurationSum,YAxis_AOI_FixationDurationMean,YAxis_AOI_LongestFixationInAOI,YAxis_AOI_ProportionOfTotalFixations,YAxis_AOI_ProportionOFTotalFixationDuration,Graph_AOI_NumberOfFixations,Graph_AOI_FixationDurationSum,Graph_AOI_FixationDurationMean,Graph_AOI_LongestFixationInAOI,Graph_AOI_ProportionOfTotalFixations,Graph_AOI_ProportionOFTotalFixationDuration
10,DH7,179,107,0.597765363,25555,238.8317757,148.6219872,17895.20608,167.2449166,201.2090964,8275.596004,77.34201873,62.54037945,9423.317562,88.06838843,57.56903442,24,6455,268.9583333,841,0.224299065,0.252592448,0,0,0,0,0,0,10,3171,317.1,914,0.093457944,0.124085306,5,870,174,351,0.046728972,0.034044218,6,1508,251.3333333,333,0.056074766,0.059009978,1,133,133,133,0.009345794,0.005204461,3,382,127.3333333,149,0.028037383,0.014948151,58,13036,224.7586207,847,0.542056075,0.510115437
10,CL14,112,55,0.491071429,12825,233.1818182,142.4912235,8303.783781,150.9778869,201.1169389,3963.530069,72.06418307,61.73152256,5747.37757,104.497774,59.55345185,14,3297,235.5,620,0.254545455,0.257076023,9,2983,331.4444444,875,0.163636364,0.232592593,6,1521,253.5,283,0.109090909,0.118596491,18,3462,192.3333333,392,0.327272727,0.26994152,6,1132,188.6666667,233,0.109090909,0.088265107,0,0,0,0,0,0,0,0,0,0,0,0,2,430,215,293,0.036363636,0.033528265
10,CL5,48,24,0.5,5740,239.1666667,129.1435463,6078.607654,253.2753189,231.8878777,1835.701164,76.48754851,64.85032065,2182.146445,90.92276854,50.45092956,0,0,0,0,0,0,10,2917,291.7,613,0.416666667,0.508188153,1,258,258,258,0.041666667,0.044947735,4,745,186.25,302,0.166666667,0.129790941,2,399,199.5,258,0.083333333,0.069512195,1,110,110,110,0.041666667,0.019163763,0,0,0,0,0,0,6,1311,218.5,341,0.25,0.228397213
10,DL7,134,49,0.365671642,11179,228.1428571,122.172511,12479.26617,254.6789015,278.592534,3771.453368,76.96843607,68.75775041,4541.94015,92.69265613,65.3890512,15,3474,231.6,663,0.306122449,0.310761249,0,0,0,0,0,0,5,1169,233.8,433,0.102040816,0.104571071,0,0,0,0,0,0,1,178,178,178,0.020408163,0.015922712,0,0,0,0,0,0,4,748,187,265,0.081632653,0.066911173,24,5610,233.75,646,0.489795918,0.501833796
10,CL6,60,38,0.633333333,8525,224.3421053,119.067711,8659.166997,227.8728157,251.1818504,3253.636757,85.62201992,67.50020056,3441.750888,90.57239179,65.78114502,13,2556,196.6153846,433,0.342105263,0.299824047,0,0,0,0,0,0,0,0,0,0,0,0,3,604,201.3333333,284,0.078947368,0.07085044,1,425,425,425,0.026315789,0.049853372,0,0,0,0,0,0,0,0,0,0,0,0,21,4940,235.2380952,708,0.552631579,0.579472141
10,DH10,136,52,0.382352941,13595,261.4423077,208.8975102,17213.78945,331.0344125,418.7006073,4473.907858,86.03668958,61.44349531,5141.57432,98.87642923,57.80698622,9,2086,231.7777778,342,0.173076923,0.153438764,0,0,0,0,0,0,9,2166,240.6666667,790,0.173076923,0.159323281,2,284,142,167,0.038461538,0.020890033,3,1181,393.6666667,881,0.057692308,0.086870173,0,0,0,0,0,0,11,4004,364,1259,0.211538462,0.294520044,18,3874,215.2222222,557,0.346153846,0.284957705
10,CL10,87,48,0.551724138,9066,188.875,73.84488952,7888.89359,164.3519498,214.8838328,4267.675888,88.90991433,59.31592336,5065.119019,105.5233129,54.56738211,3,526,175.3333333,241,0.0625,0.058018972,0,0,0,0,0,0,0,0,0,0,0,0,22,4356,198,386,0.458333333,0.480476506,6,1153,192.1666667,299,0.125,0.127178469,0,0,0,0,0,0,1,210,210,210,0.020833333,0.023163468,16,2821,176.3125,308,0.333333333,0.311162585
10,DL3,226,158,0.699115044,38883,246.0949367,166.9537489,32329.30554,204.6158579,237.6548717,12505.20607,79.14687389,62.26783456,14319.12734,90.6273882,60.80235294,23,4740,206.0869565,586,0.14556962,0.121904174,0,0,0,0,0,0,3,593,197.6666667,242,0.018987342,0.015250881,2,235,117.5,120,0.012658228,0.006043772,11,2404,218.5454545,610,0.069620253,0.061826505,0,0,0,0,0,0,27,8718,322.8888889,1033,0.170886076,0.224211095,92,22193,241.2282609,1068,0.582278481,0.570763573
10,CL8,85,43,0.505882353,9548,222.0465116,109.7870991,5545.362807,128.9619257,182.9262358,3667.939766,85.30092479,61.64681834,4090.079309,95.11812347,57.6306926,6,1158,193,299,0.139534884,0.121281944,6,1125,187.5,264,0.139534884,0.117825723,1,208,208,208,0.023255814,0.021784667,0,0,0,0,0,0,8,1813,226.625,578,0.186046512,0.189882698,0,0,0,0,0,0,4,767,191.75,234,0.093023256,0.080330959,18,4477,248.7222222,500,0.418604651,0.468894009
10,CL2,93,59,0.634408602,12745,216.0169492,131.3495132,10530.10967,178.4764351,187.4505388,5301.859065,89.86201805,66.6143157,4594.654871,77.87550628,64.00903901,2,299,149.5,174,0.033898305,0.02346018,15,3369,224.6,393,0.254237288,0.264338956,4,1108,277,589,0.06779661,0.086936053,8,1089,136.125,248,0.13559322,0.085445273,6,2060,343.3333333,892,0.101694915,0.161632013,2,213,106.5,109,0.033898305,0.016712436,0,0,0,0,0,0,22,4607,209.4090909,506,0.372881356,0.361475088
10,CL3,74,23,0.310810811,5752,250.0869565,223.1926275,5190.926977,225.6924772,223.9972662,2158.192074,93.83443802,50.69822005,2112.01054,91.82654523,65.42619031,6,1386,231,386,0.260869565,0.240959666,2,593,296.5,300,0.086956522,0.103094576,0,0,0,0,0,0,3,775,258.3333333,333,0.130434783,0.134735744,0,0,0,0,0,0,0,0,0,0,0,0,0,0,0,0,0,0,12,2998,249.8333333,1210,0.52173913,0.521210014
10,CL4,78,35,0.448717949,6616,189.0285714,79.57260322,10370.44663,296.298475,320.141508,3172.856488,90.65304252,59.73727494,3504.488933,100.1282552,61.42437279,8,1492,186.5,268,0.228571429,0.225513906,1,115,115,115,0.028571429,0.017382104,1,199,199,199,0.028571429,0.030078597,5,875,175,209,0.142857143,0.132255139,2,350,175,235,0.057142857,0.052902056,0,0,0,0,0,0,2,263,131.5,132,0.057142857,0.039752116,16,3322,207.625,410,0.457142857,0.502116082
10,CH3,163,110,0.674846626,25663,233.3,151.9977003,18365.99692,166.9636084,212.9617525,10557.67713,95.97888296,62.06206723,11526.5678,104.78698,59.99684809,21,4513,214.9047619,834,0.190909091,0.175856291,0,0,0,0,0,0,27,7046,260.962963,816,0.245454545,0.274558703,10,1466,146.6,211,0.090909091,0.057125044,4,1113,278.25,345,0.036363636,0.043369832,2,425,212.5,284,0.018181818,0.016560807,4,1547,386.75,707,0.036363636,0.060281339,42,9553,227.452381,913,0.381818182,0.372247983
10,DH8,24,10,0.416666667,2398,239.8,78.62671302,3121.777068,312.1777068,358.7497448,853.2808016,85.32808016,63.70717071,992.8724216,99.28724216,55.68236714,3,763,254.3333333,367,0.3,0.318181818,0,0,0,0,0,0,4,1161,290.25,328,0.4,0.484153461,0,0,0,0,0,0,2,266,133,159,0.2,0.110925771,0,0,0,0,0,0,1,208,208,208,0.1,0.086738949,0,0,0,0,0,0
10,CH1,62,37,0.596774194,8593,232.2432432,149.6394596,7156.451248,193.4176013,211.1164893,3259.487624,88.0942601,68.98648001,4223.699713,114.1540463,60.66535193,2,347,173.5,235,0.054054054,0.040381706,0,0,0,0,0,0,9,2580,286.6666667,763,0.243243243,0.300244385,0,0,0,0,0,0,0,0,0,0,0,0,1,175,175,175,0.027027027,0.020365414,0,0,0,0,0,0,25,5491,219.64,631,0.675675676,0.639008495
10,CH8,98,70,0.714285714,15342,219.1714286,167.259078,11796.43254,168.5204649,199.1935421,6395.22418,91.36034543,63.79420209,7041.448621,100.5921232,64.48429674,14,2919,208.5,409,0.2,0.190262026,0,0,0,0,0,0,11,3242,294.7272727,1241,0.157142857,0.211315344,12,2411,200.9166667,483,0.171428571,0.157150306,3,642,214,326,0.042857143,0.041845913,0,0,0,0,0,0,0,0,0,0,0,0,30,6128,204.2666667,878,0.428571429,0.399426411
10,DL9,84,42,0.5,10011,238.3571429,113.9978741,9746.648488,232.0630592,261.412734,3409.605911,81.18109312,56.61610875,3486.545189,83.01298068,52.58943644,9,1836,204,308,0.214285714,0.183398262,4,778,194.5,258,0.095238095,0.077714514,13,3301,253.9230769,516,0.30952381,0.329737289,0,0,0,0,0,0,8,2261,282.625,626,0.19047619,0.225851563,2,699,349.5,542,0.047619048,0.069823194,0,0,0,0,0,0,6,1136,189.3333333,325,0.142857143,0.113475177
10,DL4,86,44,0.511627907,9970,226.5909091,111.701371,12254.72153,278.5163985,355.5129806,3705.866074,84.22422895,63.17170266,4727.942872,107.4532471,59.64972371,21,4137,197,333,0.477272727,0.414944835,0,0,0,0,0,0,4,1393,348.25,416,0.090909091,0.139719157,0,0,0,0,0,0,2,448,224,334,0.045454545,0.044934804,0,0,0,0,0,0,0,0,0,0,0,0,17,3992,234.8235294,667,0.386363636,0.400401204
10,CL11,58,32,0.551724138,8978,280.5625,211.7212108,5831.212261,182.2253832,230.4569585,2810.149412,87.81716912,60.37094526,3221.818206,100.6818189,62.06692771,8,1928,241,400,0.25,0.21474716,2,516,258,391,0.0625,0.057473825,1,224,224,224,0.03125,0.024949877,5,902,180.4,244,0.15625,0.10046781,1,142,142,142,0.03125,0.01581644,2,554,277,289,0.0625,0.061706393,0,0,0,0,0,0,13,4712,362.4615385,1074,0.40625,0.524838494
10,CH9,99,64,0.646464646,15887,248.234375,158.69081,9130.519659,142.6643697,155.8402211,5663.107805,88.48605945,66.14281818,6004.426824,93.81916913,62.15453635,13,2842,218.6153846,539,0.203125,0.178888399,1,600,600,600,0.015625,0.037766728,23,7538,327.7391304,716,0.359375,0.474475987,1,408,408,408,0.015625,0.025681375,4,487,121.75,134,0.0625,0.030653994,0,0,0,0,0,0,0,0,0,0,0,0,22,4012,182.3636364,433,0.34375,0.252533518
10,CH10,105,76,0.723809524,20461,269.2236842,271.4884217,14158.64926,186.2980166,256.2831679,7538.155438,99.18625576,59.0206305,7144.874344,94.01150453,59.92620607,2,469,234.5,250,0.026315789,0.022921656,1,466,466,466,0.013157895,0.022775035,6,2365,394.1666667,908,0.078947368,0.115585748,10,1667,166.7,259,0.131578947,0.081472069,9,2106,234,542,0.118421053,0.102927521,2,445,222.5,295,0.026315789,0.021748693,0,0,0,0,0,0,46,12943,281.3695652,1608,0.605263158,0.632569278
10,DL8,39,24,0.615384615,5919,246.625,146.9109176,4407.567843,183.6486601,222.1380081,1750.720935,72.94670563,69.64370933,2604.467177,108.5194657,61.30423984,10,2552,255.2,657,0.416666667,0.431153911,0,0,0,0,0,0,6,1873,312.1666667,692,0.25,0.316438588,0,0,0,0,0,0,2,317,158.5,192,0.083333333,0.053556344,0,0,0,0,0,0,0,0,0,0,0,0,6,1177,196.1666667,259,0.25,0.198851157
10,DH1,19,3,0.157894737,696,232,41.57723736,948.8131888,316.2710629,120.8592077,9.740246694,3.246748898,0.968268988,261.1060048,87.03533494,67.72984817,3,696,232,289,1,1,0,0,0,0,0,0,0,0,0,0,0,0,0,0,0,0,0,0,0,0,0,0,0,0,0,0,0,0,0,0,0,0,0,0,0,0,0,0,0,0,0,0
10,DH5,123,87,0.707317073,22168,254.8045977,166.6142105,14131.99708,162.436748,205.5967304,7520.950346,86.44770513,63.20829812,7874.190732,90.50793944,60.97009516,17,3714,218.4705882,487,0.195402299,0.167538795,0,0,0,0,0,0,17,4729,278.1764706,1102,0.195402299,0.213325514,10,1553,155.3,200,0.114942529,0.070055936,5,1246,249.2,366,0.057471264,0.056207145,2,426,213,224,0.022988506,0.019216889,0,0,0,0,0,0,36,10500,291.6666667,821,0.413793103,0.47365572
10,DL10,70,50,0.714285714,10499,209.98,97.79416956,8388.079759,167.7615952,255.0214641,3826.709417,76.53418835,53.93497443,4451.124076,89.02248151,60.8348828,6,1282,213.6666667,317,0.12,0.122106867,0,0,0,0,0,0,2,517,258.5,291,0.04,0.049242785,0,0,0,0,0,0,7,1255,179.2857143,242,0.14,0.119535194,0,0,0,0,0,0,4,1106,276.5,617,0.08,0.105343366,31,6339,204.483871,497,0.62,0.603771788
10,DL11,48,24,0.5,6053,252.2083333,151.7335876,2022.985981,84.29108253,52.54455321,983.4022949,40.97509562,59.22325567,2971.551561,123.8146484,60.97790655,23,5920,257.3913043,839,0.958333333,0.978027424,0,0,0,0,0,0,0,0,0,0,0,0,0,0,0,0,0,0,1,133,133,133,0.041666667,0.021972576,0,0,0,0,0,0,0,0,0,0,0,0,0,0,0,0,0,0
10,DL13,74,32,0.432432432,9206,287.6875,192.3024047,4189.104495,130.9095155,217.8384838,2075.573737,64.86167929,64.71761921,3645.074314,113.9085723,62.48180022,17,5404,317.8823529,917,0.53125,0.587008473,0,0,0,0,0,0,3,628,209.3333333,335,0.09375,0.068216381,0,0,0,0,0,0,4,787,196.75,424,0.125,0.085487725,0,0,0,0,0,0,0,0,0,0,0,0,8,2387,298.375,842,0.25,0.259287421
10,DL1,93,42,0.451612903,9531,226.9285714,197.8464283,8645.005533,205.8334651,239.2094896,3285.551119,78.22740759,61.60090064,3952.514915,94.10749798,61.27917703,6,1841,306.8333333,875,0.142857143,0.193159165,2,291,145.5,186,0.047619048,0.030531948,4,1166,291.5,450,0.095238095,0.122337635,2,274,137,149,0.047619048,0.028748295,6,2076,346,1025,0.142857143,0.217815549,0,0,0,0,0,0,0,0,0,0,0,0,22,3883,176.5,642,0.523809524,0.407407407
10,DH5a,68,47,0.691176471,9452,201.106383,88.71739354,8109.736798,172.5475915,213.398461,4132.241975,87.92004202,55.32737751,4634.610897,98.60874248,57.14720804,8,1908,238.5,339,0.170212766,0.20186204,0,0,0,0,0,0,10,2400,240,600,0.212765957,0.253914515,0,0,0,0,0,0,5,849,169.8,201,0.106382979,0.08982226,0,0,0,0,0,0,0,0,0,0,0,0,24,4295,178.9583333,350,0.510638298,0.454401185
10,CH5,113,80,0.707964602,18092,226.15,125.3726545,11553.51266,144.4189082,181.3888887,7264.424958,90.80531197,50.13157768,6678.78603,83.48482538,62.94720345,9,1415,157.2222222,302,0.1125,0.078211364,0,0,0,0,0,0,21,5715,272.1428571,851,0.2625,0.315885474,0,0,0,0,0,0,11,2627,238.8181818,492,0.1375,0.145202299,3,541,180.3333333,292,0.0375,0.029902719,0,0,0,0,0,0,36,7794,216.5,487,0.45,0.430798143
10,DL15,77,45,0.584415584,12647,281.0444444,255.9617988,7262.867745,161.397061,253.74171,2568.768603,57.08374673,67.67916665,5063.585504,112.5241223,66.54027355,28,7837,279.8928571,1407,0.622222222,0.61967265,0,0,0,0,0,0,4,466,116.5,133,0.088888889,0.036846683,0,0,0,0,0,0,1,843,843,843,0.022222222,0.066656124,0,0,0,0,0,0,0,0,0,0,0,0,12,3501,291.75,938,0.266666667,0.276824543
10,DL5,56,20,0.357142857,4003,200.15,91.52501024,5164.370025,258.2185013,345.6563403,1679.058,83.95290002,68.52194832,1950.891864,97.54459319,59.12302517,6,1050,175,199,0.3,0.262303273,0,0,0,0,0,0,0,0,0,0,0,0,1,108,108,108,0.05,0.026979765,7,1392,198.8571429,356,0.35,0.347739196,0,0,0,0,0,0,0,0,0,0,0,0,6,1453,242.1666667,443,0.3,0.362977767
10,DH3,176,131,0.744318182,31202,238.1832061,147.9293622,31799.97628,242.7479105,325.567317,11043.57878,84.30212809,62.42355436,10623.75209,81.09734421,56.54135481,21,5063,241.0952381,891,0.160305344,0.162265239,0,0,0,0,0,0,26,5768,221.8461538,575,0.198473282,0.184859945,0,0,0,0,0,0,36,8362,232.2777778,502,0.27480916,0.267995641,2,394,197,276,0.015267176,0.012627396,0,0,0,0,0,0,46,11615,252.5,1035,0.351145038,0.372251779
10,DL14,34,16,0.470588235,3142,196.375,98.66729131,4843.424763,302.7140477,298.6362006,1363.850354,85.24064715,61.05586822,1636.240755,102.2650472,57.87465862,1,170,170,170,0.0625,0.054105665,0,0,0,0,0,0,2,666,333,466,0.125,0.2119669,0,0,0,0,0,0,2,346,173,192,0.125,0.110120942,1,196,196,196,0.0625,0.062380649,0,0,0,0,0,0,10,1764,176.4,403,0.625,0.561425843
10,DL2,97,52,0.536082474,9745,187.4038462,85.6415292,12239.4879,235.3747673,237.5469745,4013.867063,77.18975122,63.04673114,4660.605436,89.62702761,59.78909045,3,674,224.6666667,291,0.057692308,0.069163674,2,333,166.5,233,0.038461538,0.03417137,1,265,265,265,0.019230769,0.027193433,4,534,133.5,200,0.076923077,0.054797332,4,644,161,275,0.076923077,0.066085172,2,233,116.5,125,0.038461538,0.023909697,0,0,0,0,0,0,36,7062,196.1666667,494,0.692307692,0.724679323
10,CH2,96,78,0.8125,17141,219.7564103,130.9450057,9907.425107,127.0182706,220.1354477,7981.307289,102.3244524,57.01598886,7317.617213,93.8156053,61.53876197,6,1293,215.5,322,0.076923077,0.075433172,0,0,0,0,0,0,15,3433,228.8666667,500,0.192307692,0.20028003,0,0,0,0,0,0,3,528,176,293,0.038461538,0.030803337,0,0,0,0,0,0,1,600,600,600,0.012820513,0.035003792,53,11287,212.9622642,812,0.679487179,0.658479669
10,CH5a,79,55,0.696202532,11182,203.3090909,115.0365749,14021.40338,254.9346069,278.604935,3751.598724,68.21088588,60.69672792,5037.441371,91.58984311,60.2803168,13,2725,209.6153846,568,0.236363636,0.243695224,0,0,0,0,0,0,2,295,147.5,154,0.036363636,0.026381685,1,174,174,174,0.018181818,0.015560723,7,1526,218,633,0.127272727,0.136469326,2,390,195,265,0.036363636,0.034877482,3,468,156,241,0.054545455,0.041852978,27,5604,207.5555556,525,0.490909091,0.501162583
10,DH2,61,36,0.590163934,11204,311.2222222,241.8553414,5339.131882,148.3092189,198.4994767,3492.200435,97.00556764,49.14340373,3315.342644,92.09285122,57.65073888,2,332,166,171,0.055555556,0.029632274,0,0,0,0,0,0,11,2891,262.8181818,542,0.305555556,0.258032845,0,0,0,0,0,0,4,1302,325.5,483,0.111111111,0.116208497,1,192,192,192,0.027777778,0.017136737,0,0,0,0,0,0,18,6487,360.3888889,1350,0.5,0.578989647
10,CH7,116,86,0.74137931,23345,271.4534884,197.922269,15291.85031,177.812213,240.6471473,6971.771517,81.06711067,56.60622533,8299.016671,96.50019385,55.30560081,7,1362,194.5714286,292,0.081395349,0.058342257,0,0,0,0,0,0,17,5048,296.9411765,533,0.197674419,0.21623474,5,1025,205,251,0.058139535,0.043906618,7,2849,407,966,0.081395349,0.122038981,2,242,121,124,0.023255814,0.010366245,0,0,0,0,0,0,48,12819,267.0625,1067,0.558139535,0.549111159
10,DL12,57,26,0.456140351,4477,172.1923077,59.19785549,2370.834271,91.18593348,169.7530179,2261.815819,86.99291611,60.14104855,2838.402138,109.169313,60.42830326,6,981,163.5,217,0.230769231,0.219119946,0,0,0,0,0,0,0,0,0,0,0,0,15,2278,151.8666667,286,0.576923077,0.508822872,3,822,274,329,0.115384615,0.183605093,0,0,0,0,0,0,0,0,0,0,0,0,2,396,198,233,0.076923077,0.088452088
10,CH3a,120,76,0.633333333,20367,267.9868421,172.4127158,11665.04323,153.487411,188.9561254,7145.400483,94.0184274,49.52490928,6668.808326,87.74747797,60.01108413,6,1515,252.5,569,0.078947368,0.074385035,6,1239,206.5,309,0.078947368,0.060833702,13,3107,239,533,0.171052632,0.152550695,10,2023,202.3,441,0.131578947,0.099327343,4,1532,383,801,0.052631579,0.075219718,2,532,266,341,0.026315789,0.026120685,1,222,222,222,0.013157895,0.010899985,34,10197,299.9117647,1016,0.447368421,0.500662837
10,CL7,121,40,0.330578512,8167,204.175,76.48819762,9853.904822,246.3476205,245.5463293,3468.242212,86.7060553,66.40475108,4637.718871,115.9429718,61.71734491,7,1410,201.4285714,467,0.175,0.172646014,14,2990,213.5714286,325,0.35,0.366107506,5,1098,219.6,333,0.125,0.134443492,2,509,254.5,283,0.05,0.062323987,2,386,193,209,0.05,0.047263377,0,0,0,0,0,0,0,0,0,0,0,0,10,1774,177.4,325,0.25,0.217215624
10,DH9,100,65,0.65,14981,230.4769231,140.1634329,15617.61695,240.27103,247.2146712,5690.159844,87.54092067,72.66337302,6795.996011,104.5537848,66.2753117,19,4338,228.3157895,1020,0.292307692,0.289566785,2,866,433,441,0.030769231,0.057806555,2,588,294,455,0.030769231,0.039249716,0,0,0,0,0,0,6,1590,265,599,0.092307692,0.106134437,1,225,225,225,0.015384615,0.015019024,0,0,0,0,0,0,35,7374,210.6857143,443,0.538461538,0.492223483
10,CL15,70,35,0.5,7648,218.5142857,98.24702727,6203.165676,177.233305,142.8014051,2351.409073,67.18311636,63.0537584,3900.850647,111.4528756,59.4884245,17,3851,226.5294118,490,0.485714286,0.503530335,1,100,100,100,0.028571429,0.013075314,3,825,275,518,0.085714286,0.107871339,0,0,0,0,0,0,1,207,207,207,0.028571429,0.0270659,0,0,0,0,0,0,0,0,0,0,0,0,13,2665,205,383,0.371428571,0.348457113
10,DL6,24,11,0.458333333,2157,196.0909091,36.00114782,3183.395424,289.399584,253.0651531,942.9742906,85.72493551,51.83746511,1005.92753,91.44795726,46.25115796,2,366,183,216,0.181818182,0.169680111,0,0,0,0,0,0,0,0,0,0,0,0,0,0,0,0,0,0,1,166,166,166,0.090909091,0.076958739,2,406,203,250,0.181818182,0.188224386,0,0,0,0,0,0,6,1219,203.1666667,234,0.545454545,0.565136764
10,CL9,68,53,0.779411765,12296,232,134.1747663,9968.260131,188.0803798,250.559858,4294.219733,81.02301383,67.09890231,4316.066895,81.43522444,58.37966561,4,1207,301.75,452,0.075471698,0.098162004,0,0,0,0,0,0,0,0,0,0,0,0,4,969,242.25,376,0.075471698,0.078806116,6,2325,387.5,750,0.113207547,0.189085882,3,809,269.6666667,418,0.056603774,0.065793754,4,817,204.25,419,0.075471698,0.066444372,32,6169,192.78125,488,0.603773585,0.501707872
10,CL13,70,41,0.585714286,11334,276.4390244,213.0132309,8674.689217,211.5777858,289.8447214,2449.121815,59.73467843,56.21692077,4284.331773,104.4958969,58.62824764,6,2593,432.1666667,1199,0.146341463,0.22878066,2,491,245.5,283,0.048780488,0.043320981,0,0,0,0,0,0,4,681,170.25,234,0.097560976,0.060084701,6,2003,333.8333333,760,0.146341463,0.176724899,0,0,0,0,0,0,0,0,0,0,0,0,23,5566,242,698,0.56097561,0.491088759
10,CL12,62,31,0.5,5980,192.9032258,76.25016334,9529.069329,307.3893332,286.3682905,2659.128555,85.77834048,67.61696479,3368.47059,108.6603416,58.59319872,3,774,258,449,0.096774194,0.129431438,5,673,134.6,190,0.161290323,0.112541806,0,0,0,0,0,0,0,0,0,0,0,0,2,451,225.5,234,0.064516129,0.07541806,1,241,241,241,0.032258065,0.040301003,0,0,0,0,0,0,20,3841,192.05,314,0.64516129,0.642307692
10,CL1,31,28,0.903225806,6198,221.3571429,153.3958964,5051.506515,180.410947,164.986355,1985.194765,70.89981303,67.32198246,2263.657579,80.84491354,58.0325318,0,0,0,0,0,0,0,0,0,0,0,0,0,0,0,0,0,0,0,0,0,0,0,0,0,0,0,0,0,0,0,0,0,0,0,0,0,0,0,0,0,0,28,6198,221.3571429,906,1,1
11,DH7,50,26,0.52,4536,174.4615385,115.9091922,10172.24805,391.2403095,343.8467081,2346.713234,90.25820131,63.56853866,2304.146724,88.62102785,61.68945032,0,0,0,0,0,0,1,155,155,155,0.038461538,0.034171076,3,442,147.3333333,223,0.115384615,0.097442681,0,0,0,0,0,0,2,299,149.5,183,0.076923077,0.065917108,1,184,184,184,0.038461538,0.040564374,1,118,118,118,0.038461538,0.026014109,18,3338,185.4444444,717,0.692307692,0.735890653
11,CH5,49,11,0.224489796,2456,223.2727273,245.8299822,2678.109425,243.4644932,209.8041178,1096.113003,99.64663663,66.8759854,598.7485866,54.43168969,39.70694405,0,0,0,0,0,0,0,0,0,0,0,0,1,134,134,134,0.090909091,0.054560261,0,0,0,0,0,0,6,959,159.8333333,227,0.545454545,0.390472313,0,0,0,0,0,0,0,0,0,0,0,0,4,1363,340.75,994,0.363636364,0.554967427
11,CH7,60,33,0.55,4917,149,45.31505871,6680.935634,202.452595,221.8933162,2662.164756,80.67165927,52.59533518,2641.814116,80.05497322,53.20546713,1,241,241,241,0.03030303,0.049013626,0,0,0,0,0,0,6,732,122,172,0.181818182,0.148871263,2,251,125.5,143,0.060606061,0.051047387,2,480,240,257,0.060606061,0.0976205,0,0,0,0,0,0,0,0,0,0,0,0,22,3213,146.0454545,220,0.666666667,0.653447224
11,CL15,36,16,0.444444444,3479,217.4375,214.0078762,5227.227385,326.7017116,319.023595,1855.620222,115.9762639,63.24406499,1241.696067,77.60600419,59.60051583,0,0,0,0,0,0,0,0,0,0,0,0,0,0,0,0,0,0,0,0,0,0,0,0,0,0,0,0,0,0,0,0,0,0,0,0,0,0,0,0,0,0,16,3479,217.4375,1004,1,1
11,DH10,67,34,0.507462687,6233,183.3235294,145.4244741,13335.80547,392.2295727,375.3884937,3486.025577,102.530164,64.69948519,2637.563125,77.57538602,51.56538734,0,0,0,0,0,0,2,348,174,233,0.058823529,0.055831863,4,720,180,262,0.117647059,0.115514199,0,0,0,0,0,0,1,104,104,104,0.029411765,0.016685384,0,0,0,0,0,0,0,0,0,0,0,0,27,5061,187.4444444,940,0.794117647,0.811968554
11,CH3,35,10,0.285714286,1670,167,72.01388755,1540.56763,154.056763,198.6535018,1040.752335,104.0752335,62.53270311,967.1667815,96.71667815,51.43356254,0,0,0,0,0,0,0,0,0,0,0,0,0,0,0,0,0,0,0,0,0,0,0,0,4,645,161.25,274,0.4,0.386227545,3,486,162,231,0.3,0.291017964,0,0,0,0,0,0,3,539,179.6666667,308,0.3,0.322754491
11,DH9,27,15,0.555555556,2420,161.3333333,68.54746936,3290.007441,219.3338294,395.9227256,1539.206745,102.613783,67.91077132,1322.158157,88.14387715,52.1318138,0,0,0,0,0,0,1,191,191,191,0.066666667,0.07892562,3,461,153.6666667,242,0.2,0.190495868,0,0,0,0,0,0,0,0,0,0,0,0,0,0,0,0,0,0,0,0,0,0,0,0,11,1768,160.7272727,351,0.733333333,0.730578512
11,CL10,82,36,0.43902439,5603,155.6388889,52.93505076,13233.31615,367.5921152,361.6308863,3322.168007,92.28244463,54.31947281,2788.235858,77.45099607,40.48462379,0,0,0,0,0,0,1,157,157,157,0.027777778,0.028020703,0,0,0,0,0,0,11,1795,163.1818182,275,0.305555556,0.320364091,5,704,140.8,192,0.138888889,0.125646975,0,0,0,0,0,0,5,823,164.6,305,0.138888889,0.146885597,14,2124,151.7142857,266,0.388888889,0.379082634
11,DL11,23,12,0.52173913,1682,140.1666667,39.14680347,5321.528863,443.4607386,444.9805127,1112.248274,92.6873562,53.85973119,1210.828743,100.9023952,48.34016079,1,158,158,158,0.083333333,0.093935791,0,0,0,0,0,0,0,0,0,0,0,0,1,184,184,184,0.083333333,0.109393579,2,291,145.5,166,0.166666667,0.173008323,0,0,0,0,0,0,2,242,121,136,0.166666667,0.143876338,6,807,134.5,240,0.5,0.479785969
11,CL3,58,29,0.5,4103,141.4827586,31.33095934,8287.638182,285.780627,336.2628572,2833.237545,97.69784638,62.42376735,2111.939495,72.82549982,57.5837057,0,0,0,0,0,0,0,0,0,0,0,0,0,0,0,0,0,0,12,1524,127,176,0.413793103,0.371435535,5,735,147,192,0.172413793,0.179137217,0,0,0,0,0,0,0,0,0,0,0,0,12,1844,153.6666667,210,0.413793103,0.449427248
11,DL3,43,13,0.302325581,2986,229.6923077,204.1162507,4238.293704,326.0225926,293.7015097,810.4354115,62.3411855,66.62023639,972.8010285,74.83084835,50.49316858,0,0,0,0,0,0,0,0,0,0,0,0,0,0,0,0,0,0,1,125,125,125,0.076923077,0.041862023,3,983,327.6666667,730,0.230769231,0.329202947,0,0,0,0,0,0,1,157,157,157,0.076923077,0.052578701,8,1721,215.125,676,0.615384615,0.57635633
11,DL2,37,13,0.351351351,1920,147.6923077,37.23807938,4021.281623,309.3293556,269.5990679,1220.161911,93.85860858,59.48851732,1279.036947,98.38745747,39.55917205,0,0,0,0,0,0,1,108,108,108,0.076923077,0.05625,0,0,0,0,0,0,1,101,101,101,0.076923077,0.052604167,0,0,0,0,0,0,0,0,0,0,0,0,3,459,153,200,0.230769231,0.2390625,8,1252,156.5,217,0.615384615,0.652083333
11,CH2,17,6,0.352941176,846,141,40.36087214,1156.154334,192.6923891,214.2778022,687.5708518,114.595142,37.47923866,544.4785849,90.74643082,54.63527611,0,0,0,0,0,0,0,0,0,0,0,0,4,636,159,208,0.666666667,0.75177305,0,0,0,0,0,0,0,0,0,0,0,0,0,0,0,0,0,0,0,0,0,0,0,0,2,210,105,110,0.333333333,0.24822695
11,CH5a,42,10,0.238095238,1569,156.9,43.4429511,1517.39375,151.739375,148.5225979,876.7918763,87.67918763,54.57843655,647.8549172,64.78549172,46.28645763,0,0,0,0,0,0,1,134,134,134,0.1,0.085404716,6,1082,180.3333333,242,0.6,0.689611217,1,101,101,101,0.1,0.064372212,2,252,126,133,0.2,0.160611855,0,0,0,0,0,0,0,0,0,0,0,0,0,0,0,0,0,0
11,CL6,31,15,0.483870968,2464,164.2666667,49.0257982,3955.618829,263.707922,197.703478,1220.232573,81.34883821,66.61270707,1121.731977,74.78213177,58.81437231,0,0,0,0,0,0,0,0,0,0,0,0,0,0,0,0,0,0,1,117,117,117,0.066666667,0.047483766,2,350,175,191,0.133333333,0.142045455,0,0,0,0,0,0,0,0,0,0,0,0,12,1997,166.4166667,292,0.8,0.810470779
11,DL4,15,4,0.266666667,591,147.75,29.49046456,1766.55005,441.6375124,455.9334464,351.1461785,87.78654463,53.64042471,195.2657198,48.81642996,20.41686671,0,0,0,0,0,0,0,0,0,0,0,0,0,0,0,0,0,0,0,0,0,0,0,0,1,127,127,127,0.25,0.214890017,0,0,0,0,0,0,1,191,191,191,0.25,0.323181049,2,273,136.5,158,0.5,0.461928934
11,DL8,12,5,0.416666667,1207,241.4,173.2531096,1682.295643,336.4591285,330.055836,335.7020835,67.14041669,57.39011058,423.723009,84.74460179,38.80801982,0,0,0,0,0,0,0,0,0,0,0,0,0,0,0,0,0,0,0,0,0,0,0,0,5,1207,241.4,586,1,1,0,0,0,0,0,0,0,0,0,0,0,0,0,0,0,0,0,0
11,DL6,8,1,0.125,107,107,0,1332.373071,1332.373071,0,160.1234389,160.1234389,0,48.09143963,48.09143963,0,0,0,0,0,0,0,0,0,0,0,0,0,0,0,0,0,0,0,0,0,0,0,0,0,0,0,0,0,0,0,0,0,0,0,0,0,0,0,0,0,0,0,1,107,107,107,1,1
11,DL12,23,6,0.260869565,1399,233.1666667,220.7716895,3603.920389,600.6533982,358.2438582,388.8913581,64.81522635,58.15355918,430.1554855,71.69258092,59.47803067,0,0,0,0,0,0,1,133,133,133,0.166666667,0.095067906,0,0,0,0,0,0,1,109,109,109,0.166666667,0.077912795,1,166,166,166,0.166666667,0.118656183,0,0,0,0,0,0,0,0,0,0,0,0,3,991,330.3333333,725,0.5,0.708363117
11,DL14,29,11,0.379310345,1529,139,23.04540972,3259.521859,296.320169,288.403589,949.2399292,86.29453902,47.3832356,802.1855517,72.92595925,50.51758888,0,0,0,0,0,0,2,267,133.5,158,0.181818182,0.174623937,0,0,0,0,0,0,3,473,157.6666667,172,0.272727273,0.309352518,2,283,141.5,166,0.181818182,0.185088293,0,0,0,0,0,0,0,0,0,0,0,0,4,506,126.5,148,0.363636364,0.330935252
11,DH5,60,35,0.583333333,6143,175.5142857,102.4252679,6295.532498,179.8723571,242.4771406,3403.666884,97.24762524,64.44096472,2646.100644,75.60287555,59.00567375,0,0,0,0,0,0,2,353,176.5,203,0.057142857,0.05746378,1,112,112,112,0.028571429,0.018232134,1,141,141,141,0.028571429,0.022952955,2,282,141,158,0.057142857,0.045905909,0,0,0,0,0,0,0,0,0,0,0,0,29,5255,181.2068966,584,0.828571429,0.855445222
11,CL4,50,25,0.5,3830,153.2,53.14809498,7965.226065,318.6090426,285.4213692,2064.079676,82.56318703,58.88414259,1979.374838,79.1749935,47.7374992,0,0,0,0,0,0,0,0,0,0,0,0,0,0,0,0,0,0,5,927,185.4,308,0.2,0.242036554,6,858,143,183,0.24,0.224020888,0,0,0,0,0,0,2,259,129.5,158,0.08,0.067624021,12,1786,148.8333333,285,0.48,0.466318538
11,CL2,12,2,0.166666667,294,147,28,1831.048984,915.5244918,153.8421433,232.4722383,116.2361192,62.26349254,70.15998101,35.07999051,11.65893006,0,0,0,0,0,0,0,0,0,0,0,0,0,0,0,0,0,0,0,0,0,0,0,0,0,0,0,0,0,0,0,0,0,0,0,0,0,0,0,0,0,0,2,294,147,175,1,1
11,DL7,10,4,0.4,657,164.25,66.00142044,2035.603371,508.9008427,273.3938226,327.1297886,81.78244715,17.6673481,354.1584424,88.5396106,56.60065921,0,0,0,0,0,0,1,134,134,134,0.25,0.203957382,0,0,0,0,0,0,0,0,0,0,0,0,1,116,116,116,0.25,0.176560122,0,0,0,0,0,0,0,0,0,0,0,0,2,407,203.5,278,0.5,0.619482496
11,CL9,14,2,0.142857143,244,122,12,1012.228185,506.1140926,348.3009119,238.9656288,119.4828144,35.3017853,220.4462786,110.2231393,51.2575105,0,0,0,0,0,0,0,0,0,0,0,0,0,0,0,0,0,0,0,0,0,0,0,0,0,0,0,0,0,0,0,0,0,0,0,0,0,0,0,0,0,0,2,244,122,134,1,1
11,CH8,22,14,0.636363636,1853,132.3571429,65.858731,2320.26366,165.7331186,186.8457094,1119.154346,79.93959615,53.83765462,999.4160089,71.38685778,54.86697699,0,0,0,0,0,0,0,0,0,0,0,0,0,0,0,0,0,0,0,0,0,0,0,0,1,105,105,105,0.071428571,0.056664868,2,219,109.5,110,0.142857143,0.118186724,0,0,0,0,0,0,11,1529,139,366,0.785714286,0.825148408
11,CH3a,25,11,0.44,1659,150.8181818,34.71394318,2116.457252,192.4052047,145.2175825,931.6643499,84.69675908,48.60215228,911.3453837,82.84958034,47.18185484,0,0,0,0,0,0,0,0,0,0,0,0,4,546,136.5,150,0.363636364,0.329113924,1,227,227,227,0.090909091,0.136829415,0,0,0,0,0,0,1,158,158,158,0.090909091,0.095238095,0,0,0,0,0,0,5,728,145.6,179,0.454545455,0.438818565
11,DH5a,34,20,0.588235294,2723,136.15,35.46304414,8725.448964,436.2724482,430.5124283,1936.066637,96.80333184,67.19337661,1106.01094,55.300547,55.47315827,0,0,0,0,0,0,0,0,0,0,0,0,3,408,136,184,0.15,0.149834741,4,530,132.5,166,0.2,0.194638267,3,421,140.3333333,175,0.15,0.154608887,0,0,0,0,0,0,1,124,124,124,0.05,0.04553801,9,1240,137.7777778,230,0.45,0.455380095
11,DH3,46,14,0.304347826,2168,154.8571429,77.64742397,5170.888411,369.3491722,372.3098407,1242.161737,88.72583837,44.42675276,1436.463743,102.6045531,41.27381839,1,109,109,109,0.071428571,0.050276753,0,0,0,0,0,0,4,554,138.5,172,0.285714286,0.255535055,0,0,0,0,0,0,5,646,129.2,175,0.357142857,0.29797048,0,0,0,0,0,0,0,0,0,0,0,0,4,859,214.75,401,0.285714286,0.396217712
11,DL9,12,3,0.25,396,132,14.14213562,1759.763821,586.5879404,168.2971227,386.0645684,128.6881895,46.06934697,195.7833515,65.26111718,25.51100123,0,0,0,0,0,0,0,0,0,0,0,0,0,0,0,0,0,0,0,0,0,0,0,0,0,0,0,0,0,0,0,0,0,0,0,0,0,0,0,0,0,0,3,396,132,142,1,1
11,CL5,22,9,0.409090909,1484,164.8888889,70.65950348,3356.385452,372.9317168,328.287376,657.131078,73.01456422,54.63177531,574.8502346,63.87224829,57.02718012,0,0,0,0,0,0,3,319,106.3333333,109,0.333333333,0.214959569,0,0,0,0,0,0,3,774,258,284,0.333333333,0.521563342,2,285,142.5,176,0.222222222,0.192048518,0,0,0,0,0,0,1,106,106,106,0.111111111,0.071428571,0,0,0,0,0,0
11,DL5,11,2,0.181818182,234,117,0,211.078701,105.5393505,24.2681994,161.1700326,80.58501631,25.05723019,140.3033533,70.15167663,59.73386308,0,0,0,0,0,0,0,0,0,0,0,0,0,0,0,0,0,0,0,0,0,0,0,0,0,0,0,0,0,0,0,0,0,0,0,0,0,0,0,0,0,0,2,234,117,117,1,1
11,CL8,14,4,0.285714286,675,168.75,15.0062487,1756.847817,439.2119542,176.495352,592.0103899,148.0025975,34.74366686,351.1718356,87.79295889,79.39206447,0,0,0,0,0,0,0,0,0,0,0,0,0,0,0,0,0,0,0,0,0,0,0,0,1,175,175,175,0.25,0.259259259,0,0,0,0,0,0,0,0,0,0,0,0,3,500,166.6666667,190,0.75,0.740740741
11,DH2,23,12,0.52173913,2207,183.9166667,71.82206988,3312.425654,276.0354712,342.2298234,958.8339941,79.90283284,54.02860676,1106.602153,92.21684612,54.98766844,0,0,0,0,0,0,0,0,0,0,0,0,0,0,0,0,0,0,3,531,177,231,0.25,0.240598097,0,0,0,0,0,0,0,0,0,0,0,0,4,772,193,324,0.333333333,0.349796103,5,904,180.8,305,0.416666667,0.4096058
11,CL13,25,7,0.28,1086,155.1428571,63.31875951,1109.351885,158.4788406,186.4932781,746.1023768,106.5860538,57.77316895,466.7896394,66.6842342,58.03345241,0,0,0,0,0,0,0,0,0,0,0,0,0,0,0,0,0,0,0,0,0,0,0,0,3,359,119.6666667,149,0.428571429,0.330570902,2,463,231.5,299,0.285714286,0.426335175,0,0,0,0,0,0,2,264,132,156,0.285714286,0.243093923
11,CH1,6,3,0.5,351,117,0,1648.04801,549.3493367,351.598217,216.4230876,72.14102919,73.22850079,157.9121694,52.63738979,46.40823914,0,0,0,0,0,0,0,0,0,0,0,0,1,117,117,117,0.333333333,0.333333333,0,0,0,0,0,0,0,0,0,0,0,0,0,0,0,0,0,0,0,0,0,0,0,0,2,234,117,117,0.666666667,0.666666667
11,DL15,22,3,0.136363636,504,168,52.35137693,1083.824643,361.2748811,241.9968188,326.3013846,108.7671282,37.78332055,166.3767016,55.45890054,48.6787263,0,0,0,0,0,0,0,0,0,0,0,0,0,0,0,0,0,0,1,242,242,242,0.333333333,0.48015873,1,133,133,133,0.333333333,0.263888889,0,0,0,0,0,0,0,0,0,0,0,0,1,129,129,129,0.333333333,0.255952381
11,CH9,10,4,0.4,420,105,5.431390246,2518.786075,629.6965187,365.9143268,423.9183393,105.9795848,51.77958146,228.2962463,57.07406158,65.98097946,0,0,0,0,0,0,0,0,0,0,0,0,0,0,0,0,0,0,0,0,0,0,0,0,0,0,0,0,0,0,0,0,0,0,0,0,1,107,107,107,0.25,0.254761905,3,313,104.3333333,113,0.75,0.745238095
11,DL10,15,4,0.266666667,442,110.5,8.170067319,2185.070872,546.2677181,141.755353,322.5786162,80.64465406,60.68208497,392.4689352,98.1172338,50.07686375,0,0,0,0,0,0,0,0,0,0,0,0,0,0,0,0,0,0,1,102,102,102,0.25,0.230769231,0,0,0,0,0,0,0,0,0,0,0,0,0,0,0,0,0,0,3,340,113.3333333,124,0.75,0.769230769
11,CL7,25,6,0.24,786,131,29.97220935,2331.99189,388.665315,382.4422914,724.3774455,120.7295742,57.40525108,515.4646948,85.91078247,59.14186933,0,0,0,0,0,0,0,0,0,0,0,0,0,0,0,0,0,0,4,569,142.25,181,0.666666667,0.723918575,0,0,0,0,0,0,0,0,0,0,0,0,0,0,0,0,0,0,2,217,108.5,117,0.333333333,0.276081425
11,DL13,15,4,0.266666667,702,175.5,78.62728534,2809.259296,702.3148239,372.7504366,374.0992485,93.52481212,55.19613555,294.8796169,73.71990423,58.60993875,0,0,0,0,0,0,2,469,234.5,308,0.5,0.668091168,0,0,0,0,0,0,0,0,0,0,0,0,1,116,116,116,0.25,0.165242165,0,0,0,0,0,0,0,0,0,0,0,0,1,117,117,117,0.25,0.166666667
11,DH3a,18,3,0.166666667,317,105.6666667,4.027681991,741.2678944,247.0892981,48.63001904,340.8862111,113.628737,42.63913711,350.5864897,116.8621632,42.09915764,0,0,0,0,0,0,0,0,0,0,0,0,0,0,0,0,0,0,0,0,0,0,0,0,1,108,108,108,0.333333333,0.340694006,0,0,0,0,0,0,0,0,0,0,0,0,2,209,104.5,109,0.666666667,0.659305994
11,CL11,7,2,0.285714286,224,112,12,1149.297474,574.6487369,326.3867785,316.8418994,158.4209497,15.7995645,9.48895209,4.744476045,1.970911843,0,0,0,0,0,0,1,100,100,100,0.5,0.446428571,0,0,0,0,0,0,0,0,0,0,0,0,0,0,0,0,0,0,0,0,0,0,0,0,0,0,0,0,0,0,1,124,124,124,0.5,0.553571429
11,DH1,11,2,0.181818182,334,167,42,783.4681616,391.7340808,243.6091335,117.4957136,58.74785681,49.03117099,195.1707956,97.58539778,70.77810632,0,0,0,0,0,0,1,125,125,125,0.5,0.374251497,0,0,0,0,0,0,0,0,0,0,0,0,0,0,0,0,0,0,0,0,0,0,0,0,0,0,0,0,0,0,1,209,209,209,0.5,0.625748503
11,CL1,10,8,0.8,1237,154.625,38.10491274,5206.18058,650.7725725,520.9812224,740.3118242,92.53897803,67.8148954,582.1671723,72.77089654,42.90245028,0,0,0,0,0,0,0,0,0,0,0,0,0,0,0,0,0,0,4,555,138.75,165,0.5,0.448666128,0,0,0,0,0,0,0,0,0,0,0,0,0,0,0,0,0,0,4,682,170.5,214,0.5,0.551333872
11,CL12,14,4,0.285714286,929,232.25,130.1525547,2557.243627,639.3109068,213.9756166,449.183023,112.2957557,63.99705918,195.378525,48.84463124,44.1438514,0,0,0,0,0,0,0,0,0,0,0,0,0,0,0,0,0,0,0,0,0,0,0,0,1,235,235,235,0.25,0.252960172,0,0,0,0,0,0,2,251,125.5,142,0.5,0.270182992,1,443,443,443,0.25,0.476856835
11,DL1,25,5,0.2,580,116,8.966604709,3174.331146,634.8662291,379.0879462,728.4254053,145.6850811,32.77465509,477.0599999,95.41199999,43.47603652,0,0,0,0,0,0,0,0,0,0,0,0,0,0,0,0,0,0,0,0,0,0,0,0,0,0,0,0,0,0,0,0,0,0,0,0,1,124,124,124,0.2,0.213793103,4,456,114,125,0.8,0.786206897
11,CL14,7,1,0.142857143,133,133,0,1342.168767,1342.168767,0,2.391275524,2.391275524,0,35.83579121,35.83579121,0,0,0,0,0,0,0,0,0,0,0,0,0,0,0,0,0,0,0,1,133,133,133,1,1,0,0,0,0,0,0,0,0,0,0,0,0,0,0,0,0,0,0,0,0,0,0,0,0
11,DH8,12,11,0.916666667,1623,147.5454545,87.7500206,2510.236162,228.2032875,186.1653359,1078.97493,98.08863003,79.59398465,969.6908387,88.15371261,74.2831676,0,0,0,0,0,0,0,0,0,0,0,0,0,0,0,0,0,0,0,0,0,0,0,0,0,0,0,0,0,0,0,0,0,0,0,0,0,0,0,0,0,0,11,1623,147.5454545,422,1,1
11,CH10,17,12,0.705882353,2014,167.8333333,111.5458301,2198.040979,183.1700816,158.2713004,1196.9492,99.74576669,62.10980788,962.9916311,80.24930259,60.08531948,0,0,0,0,0,0,0,0,0,0,0,0,0,0,0,0,0,0,0,0,0,0,0,0,0,0,0,0,0,0,0,0,0,0,0,0,0,0,0,0,0,0,12,2014,167.8333333,503,1,1
12,CH5,173,117,0.676300578,32214,275.3333333,244.0863655,19993.04192,170.8807002,179.5386299,10470.77921,89.49383943,52.61789517,10490.6363,89.66355815,57.89458158,7,1293,184.7142857,274,0.05982906,0.040137828,1,155,155,155,0.008547009,0.004811573,21,5654,269.2380952,767,0.179487179,0.175513752,25,5975,239,894,0.213675214,0.185478363,13,5475,421.1538462,2042,0.111111111,0.169957161,0,0,0,0,0,0,0,0,0,0,0,0,50,13662,273.24,1062,0.427350427,0.424101322
12,DH8,71,43,0.605633803,9854,229.1627907,114.5681335,9832.054996,228.6524418,324.25552,3655.041717,85.00097015,61.14591307,3534.620864,82.2004852,58.68373597,2,383,191.5,192,0.046511628,0.038867465,0,0,0,0,0,0,3,942,314,450,0.069767442,0.095595697,3,852,284,426,0.069767442,0.08646235,5,1394,278.8,519,0.11627907,0.141465395,6,1337,222.8333333,359,0.139534884,0.135680942,7,1119,159.8571429,261,0.162790698,0.113557946,17,3827,225.1176471,433,0.395348837,0.388370205
12,CL3,116,87,0.75,22546,259.1494253,156.5644466,18488.85389,212.5155619,229.6057047,8132.699259,93.47930183,57.30396179,7503.183715,86.24349098,59.7826578,10,1797,179.7,232,0.114942529,0.079703717,0,0,0,0,0,0,1,525,525,525,0.011494253,0.023285727,9,1759,195.4444444,334,0.103448276,0.078018274,8,2001,250.125,498,0.091954023,0.088751885,0,0,0,0,0,0,0,0,0,0,0,0,59,16464,279.0508475,866,0.67816092,0.730240397
12,CL1,97,67,0.690721649,17813,265.8656716,191.844145,16257.45647,242.6486041,227.7221035,6402.353576,95.55751606,61.01090634,6602.148341,98.53952748,65.73869855,6,1280,213.3333333,273,0.089552239,0.071857632,2,267,133.5,150,0.029850746,0.014989053,2,1008,504,691,0.029850746,0.056587885,21,4395,209.2857143,512,0.313432836,0.246729916,1,927,927,927,0.014925373,0.052040644,4,517,129.25,158,0.059701493,0.029023747,0,0,0,0,0,0,31,9419,303.8387097,877,0.462686567,0.528771122
12,CL2,60,42,0.7,10061,239.547619,190.5685981,9503.022284,226.2624353,213.5919583,4234.187651,100.8139917,75.80424699,3237.873777,77.09223279,71.69723154,4,763,190.75,280,0.095238095,0.075837392,0,0,0,0,0,0,0,0,0,0,0,0,3,436,145.3333333,156,0.071428571,0.043335653,6,849,141.5,186,0.142857143,0.08438525,0,0,0,0,0,0,1,208,208,208,0.023809524,0.020673889,28,7805,278.75,1190,0.666666667,0.775767816
12,DH3,165,107,0.648484848,29732,277.8691589,182.3636648,26966.41659,252.0225849,311.087931,8999.064438,84.10340596,62.64620333,8964.190801,83.77748412,56.06068765,20,4025,201.25,376,0.186915888,0.135376026,1,225,225,225,0.009345794,0.007567604,20,6478,323.9,1100,0.186915888,0.217879726,5,1124,224.8,492,0.046728972,0.037804386,13,3579,275.3076923,494,0.121495327,0.120375353,5,707,141.4,184,0.046728972,0.023779093,0,0,0,0,0,0,43,13594,316.1395349,1115,0.401869159,0.457217812
12,CH8,125,83,0.664,21870,263.4939759,198.3993401,16316.26563,196.5815136,221.0059097,7426.673795,89.47799753,62.17711562,6758.842466,81.43183694,55.42638483,4,712,178,262,0.048192771,0.032556013,0,0,0,0,0,0,12,3342,278.5,517,0.144578313,0.152812071,17,3620,212.9411765,348,0.204819277,0.165523548,3,583,194.3333333,259,0.036144578,0.026657522,1,840,840,840,0.012048193,0.038408779,3,402,134,153,0.036144578,0.018381344,43,12371,287.6976744,1447,0.518072289,0.565660722
12,DH5,177,112,0.632768362,39992,357.0714286,286.8550752,20320.37582,181.431927,214.3749648,9315.883818,83.17753409,63.83456469,8753.464205,78.15593041,61.5608958,10,2502,250.2,790,0.089285714,0.062562513,0,0,0,0,0,0,14,3109,222.0714286,814,0.125,0.077740548,10,2574,257.4,474,0.089285714,0.064362873,3,2733,911,1315,0.026785714,0.068338668,3,471,157,173,0.026785714,0.011777355,0,0,0,0,0,0,72,28603,397.2638889,1468,0.642857143,0.715218044
12,DL8,44,24,0.545454545,6890,287.0833333,185.616746,5615.502491,233.9792705,268.4680943,2166.37924,90.26580165,53.69675883,1926.586617,80.27444237,61.40074865,3,1413,471,930,0.125,0.205079826,0,0,0,0,0,0,0,0,0,0,0,0,0,0,0,0,0,0,7,1709,244.1428571,425,0.291666667,0.248040639,0,0,0,0,0,0,0,0,0,0,0,0,14,3768,269.1428571,690,0.583333333,0.546879536
12,DL10,76,60,0.789473684,14783,246.3833333,148.5304785,8251.837056,137.5306176,118.0383238,5170.493716,86.17489527,61.53406744,4788.034437,79.80057395,62.59425364,9,1898,210.8888889,436,0.15,0.128390719,0,0,0,0,0,0,0,0,0,0,0,0,4,966,241.5,337,0.066666667,0.065345329,2,327,163.5,201,0.033333333,0.022120003,1,274,274,274,0.016666667,0.018534803,0,0,0,0,0,0,44,11318,257.2272727,931,0.733333333,0.765609146
12,DH3a,119,81,0.680672269,20978,258.9876543,172.6686325,21838.43686,269.6103315,319.7788935,7250.207386,89.50873316,69.21667246,7067.185627,87.24920527,62.47004552,18,3658,203.2222222,421,0.222222222,0.174373153,1,141,141,141,0.012345679,0.006721327,9,2364,262.6666667,574,0.111111111,0.112689484,5,1226,245.2,367,0.061728395,0.058442178,10,2493,249.3,687,0.12345679,0.118838783,0,0,0,0,0,0,0,0,0,0,0,0,38,11096,292,1250,0.469135802,0.528935075
12,DH9,97,64,0.659793814,16303,254.734375,139.5981109,14889.12922,232.642644,296.215204,5402.678063,84.41684473,64.75111401,6491.333101,101.4270797,62.07403094,3,719,239.6666667,257,0.046875,0.044102312,0,0,0,0,0,0,5,1847,369.4,584,0.078125,0.113292032,5,1173,234.6,499,0.078125,0.071949948,5,1357,271.4,549,0.078125,0.083236214,1,100,100,100,0.015625,0.00613384,7,1407,201,338,0.109375,0.086303134,38,9700,255.2631579,774,0.59375,0.594982519
12,CH1,73,57,0.780821918,12270,215.2631579,126.6128962,12642.11897,221.7915608,245.2364309,4302.499555,75.48244833,75.28394476,5907.152731,103.6342584,74.02843703,9,1539,171,242,0.157894737,0.125427873,0,0,0,0,0,0,2,1148,574,707,0.035087719,0.093561532,2,862,431,617,0.035087719,0.070252649,4,1247,311.75,666,0.070175439,0.101629992,4,678,169.5,262,0.070175439,0.055256724,1,158,158,158,0.01754386,0.012876936,35,6638,189.6571429,422,0.614035088,0.540994295
12,CL7,151,119,0.78807947,29820,250.5882353,185.9071518,23248.5965,195.3663572,204.9326881,10516.16124,88.37110289,70.04004497,11763.66506,98.85432822,63.46282276,18,3318,184.3333333,250,0.151260504,0.111267606,1,424,424,424,0.008403361,0.014218645,2,441,220.5,266,0.016806723,0.014788732,8,2109,263.625,491,0.067226891,0.070724346,12,2922,243.5,454,0.100840336,0.097987928,0,0,0,0,0,0,0,0,0,0,0,0,78,20606,264.1794872,1480,0.655462185,0.691012743
12,DL7,85,42,0.494117647,10249,244.0238095,148.9801022,10892.56462,259.3467767,204.7238834,4304.595472,102.4903684,72.18030055,3392.06692,80.76349809,66.52428238,8,2505,313.125,841,0.19047619,0.244414089,0,0,0,0,0,0,3,1030,343.3333333,499,0.071428571,0.10049761,0,0,0,0,0,0,3,811,270.3333333,384,0.071428571,0.079129671,0,0,0,0,0,0,0,0,0,0,0,0,28,5903,210.8214286,664,0.666666667,0.57595863
12,DH10,95,34,0.357894737,9957,292.8529412,322.6718541,9606.108535,282.532604,366.3397709,3496.073336,102.8256863,62.47547828,3148.551267,92.60444902,61.30130044,6,1378,229.6666667,400,0.176470588,0.138395099,1,165,165,165,0.029411765,0.016571256,4,899,224.75,319,0.117647059,0.090288239,0,0,0,0,0,0,2,302,151,184,0.058823529,0.030330421,0,0,0,0,0,0,8,5201,650.125,1312,0.235294118,0.522346088,13,2012,154.7692308,243,0.382352941,0.202068896
12,DH2,87,68,0.781609195,13159,193.5147059,82.16026173,12174.32003,179.0341181,179.2127536,6249.497214,91.90437079,66.55045233,5696.051309,83.76546043,63.02025427,13,2200,169.2307692,272,0.191176471,0.167185956,1,166,166,166,0.014705882,0.01261494,13,2359,181.4615385,273,0.191176471,0.179268941,14,3478,248.4285714,508,0.205882353,0.264305798,0,0,0,0,0,0,6,892,148.6666667,217,0.088235294,0.067786306,0,0,0,0,0,0,21,4064,193.5238095,408,0.308823529,0.308838058
12,CL9,130,102,0.784615385,26950,264.2156863,178.130357,18727.55752,183.6035051,235.9620649,9146.585553,89.67240738,58.10561608,7885.087998,77.3047843,53.82917407,2,378,189,200,0.019607843,0.014025974,0,0,0,0,0,0,2,501,250.5,384,0.019607843,0.018589981,9,1407,156.3333333,202,0.088235294,0.052207792,2,286,143,186,0.019607843,0.010612245,2,264,132,147,0.019607843,0.009795918,0,0,0,0,0,0,85,24114,283.6941176,873,0.833333333,0.894768089
12,CH5a,49,32,0.653061224,7164,223.875,170.6802108,4943.939869,154.4981209,205.1572248,2736.128906,85.50402832,59.53442775,2561.459592,80.04561225,63.61896265,8,1586,198.25,249,0.25,0.221384701,0,0,0,0,0,0,9,2449,272.1111111,459,0.28125,0.34184813,2,1236,618,1063,0.0625,0.172529313,5,651,130.2,156,0.15625,0.090871022,0,0,0,0,0,0,0,0,0,0,0,0,8,1242,155.25,217,0.25,0.173366834
12,DL6,85,56,0.658823529,11765,210.0892857,128.9663961,10468.48288,186.9371943,172.2196055,4569.716734,81.60208454,76.57669918,4732.890103,84.5158947,68.70604052,20,3682,184.1,306,0.357142857,0.312962176,0,0,0,0,0,0,5,758,151.6,180,0.089285714,0.064428389,0,0,0,0,0,0,6,1343,223.8333333,470,0.107142857,0.114152146,0,0,0,0,0,0,0,0,0,0,0,0,25,5982,239.28,1041,0.446428571,0.508457289
12,CL15,66,39,0.590909091,8348,214.0512821,121.8723478,8633.505683,221.3719406,221.1358843,3874.864296,99.35549476,68.30803166,3940.153249,101.0295705,60.57862761,12,2769,230.75,601,0.307692308,0.331696215,0,0,0,0,0,0,5,1219,243.8,340,0.128205128,0.146023,3,864,288,625,0.076923077,0.103497844,2,202,101,101,0.051282051,0.024197413,0,0,0,0,0,0,0,0,0,0,0,0,17,3294,193.7647059,335,0.435897436,0.394585529
12,DH7,179,136,0.759776536,36206,266.2205882,193.6302074,23860.79096,175.4469924,163.190073,11930.40433,87.72356123,67.52186552,13395.22316,98.49428795,61.54173291,20,4913,245.65,1117,0.147058824,0.135695741,0,0,0,0,0,0,15,5021,334.7333333,765,0.110294118,0.138678672,7,1549,221.2857143,667,0.051470588,0.042782964,7,2181,311.5714286,844,0.051470588,0.060238634,6,1257,209.5,323,0.044117647,0.034718003,0,0,0,0,0,0,81,21285,262.7777778,1108,0.595588235,0.587885986
12,CL10,109,77,0.706422018,22342,290.1558442,244.8649278,12922.39107,167.8232606,165.6641179,6356.223206,82.54835333,55.16488049,5586.144183,72.54732706,64.15226665,16,3932,245.75,636,0.207792208,0.175991406,2,292,146,167,0.025974026,0.013069555,6,1067,177.8333333,275,0.077922078,0.047757587,3,1102,367.3333333,772,0.038961039,0.049324143,0,0,0,0,0,0,2,258,129,133,0.025974026,0.011547758,0,0,0,0,0,0,48,15691,326.8958333,1639,0.623376623,0.702309552
12,DL13,147,102,0.693877551,24466,239.8627451,134.0974945,20108.40559,197.1412313,216.3955203,8893.458542,87.19077002,68.68722237,8651.270107,84.81637359,66.37767023,41,9646,235.2682927,723,0.401960784,0.394261424,1,113,113,113,0.009803922,0.004618654,4,1151,287.75,532,0.039215686,0.047044879,6,1360,226.6666667,434,0.058823529,0.055587346,5,1276,255.2,330,0.049019608,0.05215401,3,596,198.6666667,276,0.029411765,0.024360337,0,0,0,0,0,0,42,10324,245.8095238,784,0.411764706,0.421973351
12,CL8,90,61,0.677777778,17456,286.1639344,183.5248838,10960.3313,179.6775622,156.7371398,5752.059519,94.29605769,66.46915096,5208.312838,85.38217767,64.18846397,7,1905,272.1428571,772,0.114754098,0.109131531,0,0,0,0,0,0,6,1215,202.5,289,0.098360656,0.069603575,5,1341,268.2,375,0.081967213,0.076821723,1,111,111,111,0.016393443,0.006358845,0,0,0,0,0,0,0,0,0,0,0,0,42,12884,306.7619048,850,0.68852459,0.738084326
12,CH9,129,87,0.674418605,24392,280.3678161,167.4539645,15751.64077,181.0533422,184.1554439,7756.524398,89.15545285,60.20788475,7234.70247,83.15749966,55.77663315,21,4120,196.1904762,351,0.24137931,0.168907839,0,0,0,0,0,0,15,5127,341.8,851,0.172413793,0.210191866,8,1711,213.875,409,0.091954023,0.070145949,0,0,0,0,0,0,5,1615,323,791,0.057471264,0.066210233,1,200,200,200,0.011494253,0.00819941,37,11619,314.027027,803,0.425287356,0.476344703
12,CL13,66,34,0.515151515,6869,202.0294118,112.3674344,7862.398598,231.2470176,289.0920255,1908.60227,56.13536089,63.83770297,3510.515345,103.2504513,68.88803746,16,3341,208.8125,376,0.470588235,0.486388121,0,0,0,0,0,0,1,175,175,175,0.029411765,0.02547678,0,0,0,0,0,0,0,0,0,0,0,0,0,0,0,0,0,0,5,1581,316.2,737,0.147058824,0.230164507,12,1772,147.6666667,208,0.352941176,0.257970593
12,DH1,76,64,0.842105263,14803,231.296875,145.2242533,15906.01733,248.5315207,264.2749316,6246.029886,97.59421696,71.04255743,6311.658248,98.61966013,67.17155963,15,2909,193.9333333,488,0.234375,0.19651422,0,0,0,0,0,0,8,1993,249.125,467,0.125,0.134634871,9,2386,265.1111111,826,0.140625,0.161183544,1,158,158,158,0.015625,0.010673512,1,123,123,123,0.015625,0.008309127,0,0,0,0,0,0,30,7234,241.1333333,823,0.46875,0.488684726
12,DL2,106,68,0.641509434,14536,213.7647059,99.19605033,13834.68752,203.4512871,224.1015401,5534.648819,81.3918944,62.83616275,7118.019945,104.6767639,56.88170685,21,4799,228.5238095,525,0.308823529,0.330145845,0,0,0,0,0,0,4,830,207.5,328,0.058823529,0.057099615,6,1559,259.8333333,408,0.088235294,0.107250963,6,974,162.3333333,232,0.088235294,0.067006054,0,0,0,0,0,0,0,0,0,0,0,0,31,6374,205.6129032,433,0.455882353,0.438497523
12,DL1,122,83,0.680327869,18949,228.3012048,104.1158686,14946.21183,180.0748413,170.8935509,7261.425762,87.48705737,66.78472056,8812.039486,106.1691504,53.89132795,25,5684,227.36,458,0.301204819,0.299963059,0,0,0,0,0,0,0,0,0,0,0,0,5,742,148.4,174,0.060240964,0.039157739,11,2620,238.1818182,417,0.13253012,0.138265872,0,0,0,0,0,0,0,0,0,0,0,0,42,9903,235.7857143,601,0.506024096,0.522613331
12,DH5a,167,129,0.77245509,40705,315.5426357,331.2730906,19947.04664,154.6282685,214.8174404,10728.84028,83.16930449,55.06233664,11867.41996,91.99550357,62.08339808,23,4948,215.1304348,510,0.178294574,0.121557548,0,0,0,0,0,0,16,4541,283.8125,625,0.124031008,0.111558777,7,1516,216.5714286,442,0.054263566,0.037243582,0,0,0,0,0,0,1,113,113,113,0.007751938,0.002776072,0,0,0,0,0,0,82,29587,360.8170732,2833,0.635658915,0.726864022
12,DL12,75,43,0.573333333,9976,232,155.1651783,8088.647938,188.1080916,247.3906558,3821.264866,88.86662479,69.5465978,3570.758973,83.04090635,64.93147179,15,2930,195.3333333,325,0.348837209,0.293704892,1,110,110,110,0.023255814,0.011026464,0,0,0,0,0,0,4,878,219.5,302,0.093023256,0.088011227,5,1254,250.8,396,0.11627907,0.125701684,0,0,0,0,0,0,0,0,0,0,0,0,18,4804,266.8888889,1050,0.418604651,0.481555734
12,DL14,92,79,0.858695652,19716,249.5696203,167.5707055,14305.82866,181.0864387,202.9058345,7058.208449,89.34441074,64.83445058,7076.260906,89.57292286,61.91993299,18,4905,272.5,870,0.227848101,0.248782715,0,0,0,0,0,0,7,2484,354.8571429,1145,0.088607595,0.125989044,14,4286,306.1428571,814,0.17721519,0.217386894,4,954,238.5,455,0.050632911,0.048387097,0,0,0,0,0,0,0,0,0,0,0,0,36,7087,196.8611111,467,0.455696203,0.35945425
12,CH7,180,138,0.766666667,38484,278.8695652,223.0272884,30305.30271,219.6036429,218.1706573,11893.42145,86.18421338,64.79723748,13541.6255,98.127721,57.89720665,30,5477,182.5666667,305,0.217391304,0.142318886,2,322,161,172,0.014492754,0.008367114,33,10329,313,849,0.239130435,0.268397256,6,3118,519.6666667,1059,0.043478261,0.081020684,4,781,195.25,291,0.028985507,0.020294148,2,232,116,130,0.014492754,0.006028479,0,0,0,0,0,0,61,18225,298.7704918,1258,0.442028986,0.473573433
12,CL11,124,58,0.467741935,14767,254.6034483,150.3071499,15320.91018,264.1536237,242.5951665,5619.446346,96.88700596,61.54940626,4664.661162,80.42519245,58.71225419,14,3903,278.7857143,855,0.24137931,0.264305546,0,0,0,0,0,0,2,692,346,350,0.034482759,0.046861245,7,2339,334.1428571,787,0.120689655,0.158393716,1,233,233,233,0.017241379,0.015778425,0,0,0,0,0,0,0,0,0,0,0,0,34,7600,223.5294118,425,0.586206897,0.514661069
12,CL4,134,94,0.701492537,22440,238.7234043,194.2636618,23753.9701,252.7018095,239.7426096,8566.730918,91.13543529,56.84578318,8177.214567,86.99164433,54.21546893,5,1672,334.4,692,0.053191489,0.074509804,2,276,138,152,0.021276596,0.012299465,2,492,246,283,0.021276596,0.021925134,3,1327,442.3333333,909,0.031914894,0.059135472,0,0,0,0,0,0,6,1214,202.3333333,277,0.063829787,0.054099822,0,0,0,0,0,0,76,17459,229.7236842,1131,0.808510638,0.778030303
12,CH3,98,66,0.673469388,16386,248.2727273,139.6693656,11653.93366,176.5747524,209.4395316,5408.676756,81.94964781,65.39870732,6029.384153,91.35430535,63.64514234,17,4015,236.1764706,832,0.257575758,0.245026242,0,0,0,0,0,0,12,2308,192.3333333,408,0.181818182,0.140851947,0,0,0,0,0,0,6,1078,179.6666667,273,0.090909091,0.065787868,2,342,171,208,0.03030303,0.020871476,0,0,0,0,0,0,29,8643,298.0344828,646,0.439393939,0.527462468
12,DL11,53,20,0.377358491,4771,238.55,113.6417507,5673.596892,283.6798446,222.8341216,1624.666137,81.23330684,56.13038468,1937.767159,96.88835793,60.63670226,8,2253,281.625,383,0.4,0.472228044,1,519,519,519,0.05,0.108782226,0,0,0,0,0,0,0,0,0,0,0,0,1,166,166,166,0.05,0.034793544,0,0,0,0,0,0,0,0,0,0,0,0,10,1833,183.3,459,0.5,0.384196185
12,CL6,132,79,0.598484848,21314,269.7974684,201.5898443,20309.37345,257.0806766,300.7978953,6751.059077,85.45644401,67.52902902,7106.312068,89.95331731,62.90394314,15,4102,273.4666667,923,0.189873418,0.192455663,2,340,170,208,0.025316456,0.015951956,5,1124,224.8,440,0.063291139,0.052735291,12,4520,376.6666667,1183,0.151898734,0.212067186,3,1115,371.6666667,635,0.037974684,0.052313034,12,2647,220.5833333,403,0.151898734,0.124190673,3,1055,351.6666667,434,0.037974684,0.049497983,27,6411,237.4444444,912,0.341772152,0.300788214
12,DL3,148,99,0.668918919,21068,212.8080808,101.3734646,24150.53718,243.94482,251.8126119,8038.20068,81.19394626,67.99300158,8954.021665,90.44466328,62.16381315,14,3373,240.9285714,566,0.141414141,0.160100627,1,135,135,135,0.01010101,0.006407822,2,550,275,358,0.02020202,0.026105943,0,0,0,0,0,0,11,2002,182,266,0.111111111,0.095025631,6,1114,185.6666667,283,0.060606061,0.0528764,10,1588,158.8,220,0.101010101,0.075374976,55,12306,223.7454545,581,0.555555556,0.584108601
12,CL5,107,66,0.61682243,13709,207.7121212,121.4355753,16090.58688,243.7967709,216.8357805,5505.609088,83.41831951,66.64992966,6742.596995,102.1605605,61.31511601,27,4755,176.1111111,306,0.409090909,0.346852433,1,493,493,493,0.015151515,0.035961777,4,841,210.25,237,0.060606061,0.061346561,2,607,303.5,411,0.03030303,0.044277482,6,1403,233.8333333,487,0.090909091,0.102341527,3,529,176.3333333,183,0.045454545,0.038587789,2,309,154.5,184,0.03030303,0.022539937,21,4772,227.2380952,951,0.318181818,0.348092494
12,DL5,63,34,0.53968254,7263,213.6176471,90.32132662,7615.062655,223.972431,213.5100841,1993.770128,58.64029789,60.39541539,3747.155775,110.210464,66.4941545,20,3988,199.4,291,0.588235294,0.5490844,0,0,0,0,0,0,0,0,0,0,0,0,0,0,0,0,0,0,2,287,143.5,177,0.058823529,0.039515352,1,400,400,400,0.029411765,0.055073661,0,0,0,0,0,0,11,2588,235.2727273,507,0.323529412,0.356326587
12,DL9,35,15,0.428571429,3266,217.7333333,165.8422812,5506.03584,367.069056,283.9700245,1268.130638,84.54204251,56.06659146,1723.406044,114.8937363,43.33911509,0,0,0,0,0,0,0,0,0,0,0,0,0,0,0,0,0,0,2,489,244.5,289,0.133333333,0.149724434,0,0,0,0,0,0,0,0,0,0,0,0,0,0,0,0,0,0,13,2777,213.6153846,801,0.866666667,0.850275566
12,DL15,79,44,0.556962025,10607,241.0681818,140.8181286,7305.302583,166.0296042,148.2468384,3980.496945,90.46583966,71.35866954,4099.622761,93.17324456,69.21464606,18,3807,211.5,527,0.409090909,0.358913925,2,409,204.5,234,0.045454545,0.038559442,5,1812,362.4,612,0.113636364,0.170830584,3,1058,352.6666667,763,0.068181818,0.099745451,4,1178,294.5,444,0.090909091,0.111058735,1,140,140,140,0.022727273,0.013198831,0,0,0,0,0,0,11,2203,200.2727273,307,0.25,0.207693033
12,CL14,95,23,0.242105263,4245,184.5652174,63.88769092,3582.973494,155.7814562,120.2992955,2158.147423,93.83249665,77.40353397,2421.465834,105.2811232,71.85929194,19,3632,191.1578947,351,0.826086957,0.855594817,0,0,0,0,0,0,1,138,138,138,0.043478261,0.032508834,0,0,0,0,0,0,2,325,162.5,175,0.086956522,0.07656066,0,0,0,0,0,0,0,0,0,0,0,0,1,150,150,150,0.043478261,0.035335689
12,CH2,93,68,0.731182796,16288,239.5294118,160.7152643,9908.047917,145.706587,165.7201377,5931.058909,87.22145455,68.8973103,7633.780922,112.2614841,60.30655799,19,3590,188.9473684,303,0.279411765,0.220407662,11,2958,268.9090909,1162,0.161764706,0.18160609,2,401,200.5,275,0.029411765,0.024619352,0,0,0,0,0,0,3,595,198.3333333,225,0.044117647,0.036529961,1,117,117,117,0.014705882,0.007183202,0,0,0,0,0,0,32,8627,269.59375,752,0.470588235,0.529653733
12,CH10,250,202,0.808,56462,279.5148515,193.5773498,29899.08938,148.015294,173.7708388,19894.9318,98.48976139,62.22176636,19849.94467,98.26705281,62.04670571,16,3159,197.4375,267,0.079207921,0.055949134,1,176,176,176,0.004950495,0.003117141,21,5756,274.0952381,540,0.103960396,0.101944671,12,2543,211.9166667,721,0.059405941,0.045039141,7,2017,288.1428571,447,0.034653465,0.035723141,2,341,170.5,208,0.00990099,0.00603946,0,0,0,0,0,0,143,42470,296.993007,1417,0.707920792,0.752187312
12,CL12,79,49,0.620253165,10255,209.2857143,127.9644402,10196.76767,208.0972994,222.1949955,4780.500282,97.56123025,68.77527328,4007.468379,81.78506895,65.73553618,15,3029,201.9333333,351,0.306122449,0.295368113,0,0,0,0,0,0,2,300,150,153,0.040816327,0.029254022,9,1375,152.7777778,198,0.183673469,0.134080936,1,141,141,141,0.020408163,0.013749391,0,0,0,0,0,0,0,0,0,0,0,0,22,5410,245.9090909,675,0.448979592,0.527547538
12,DL4,95,45,0.473684211,9928,220.6222222,111.4102108,8872.725975,197.1716883,216.2502994,3070.18944,68.226432,69.50923846,4908.156201,109.0701378,64.3861519,20,4456,222.8,358,0.444444444,0.448831587,0,0,0,0,0,0,4,857,214.25,400,0.088888889,0.086321515,0,0,0,0,0,0,2,694,347,533,0.044444444,0.069903304,1,175,175,175,0.022222222,0.017626914,0,0,0,0,0,0,18,3746,208.1111111,643,0.4,0.37731668
12,CH3a,128,107,0.8359375,23688,221.3831776,152.3778901,14261.1582,133.2818524,140.5752008,9653.572296,90.22030183,59.6985157,9334.382772,87.23722217,61.42715395,8,2417,302.125,775,0.074766355,0.102034786,1,248,248,248,0.009345794,0.010469436,12,3649,304.0833333,1322,0.112149533,0.154044242,0,0,0,0,0,0,2,433,216.5,292,0.018691589,0.018279298,0,0,0,0,0,0,0,0,0,0,0,0,84,16941,201.6785714,695,0.785046729,0.715172239
13,DL10,122,78,0.639344262,21999,282.0384615,213.1462386,16480.71919,211.2912717,190.0390946,7349.128882,94.21960105,60.51299568,6434.240804,82.49026672,58.25134461,4,633,158.25,234,0.051282051,0.028774035,2,482,241,357,0.025641026,0.021910087,0,0,0,0,0,0,1,284,284,284,0.012820513,0.012909678,1,116,116,116,0.012820513,0.005272967,0,0,0,0,0,0,2,501,250.5,342,0.025641026,0.022773762,68,19983,293.8676471,1545,0.871794872,0.908359471
13,CH1,68,50,0.735294118,11199,223.98,124.6626632,11144.18325,222.883665,217.964795,4992.394464,99.84788929,70.30533011,6020.152686,120.4030537,64.03049948,2,400,200,216,0.04,0.035717475,0,0,0,0,0,0,1,158,158,158,0.02,0.014108403,3,833,277.6666667,374,0.06,0.074381641,0,0,0,0,0,0,1,151,151,151,0.02,0.013483347,0,0,0,0,0,0,43,9657,224.5813953,730,0.86,0.862309135
13,CH9,95,55,0.578947368,14025,255,157.1381558,13436.83272,244.3060494,234.7477363,4944.467145,89.89940263,68.39197673,4335.380269,78.8250958,60.50702595,1,107,107,107,0.018181818,0.007629234,0,0,0,0,0,0,1,192,192,192,0.018181818,0.01368984,6,1317,219.5,585,0.109090909,0.093903743,3,446,148.6666667,184,0.054545455,0.031800357,0,0,0,0,0,0,2,236,118,120,0.036363636,0.016827094,42,11727,279.2142857,833,0.763636364,0.836149733
13,CH8,154,110,0.714285714,26978,245.2545455,139.6087674,23635.19173,214.8653793,233.4392964,9682.618903,88.02380821,59.04451021,9178.625585,83.44205077,57.11839858,13,2848,219.0769231,670,0.118181818,0.105567499,1,112,112,112,0.009090909,0.004151531,9,2910,323.3333333,717,0.081818182,0.107865668,27,7315,270.9259259,663,0.245454545,0.27114686,0,0,0,0,0,0,1,301,301,301,0.009090909,0.011157239,2,359,179.5,233,0.018181818,0.013307139,57,13133,230.4035088,749,0.518181818,0.486804063
13,DH3,108,67,0.62037037,15708,234.4477612,159.0781544,19634.44891,293.0514763,302.7053087,6023.300098,89.90000146,60.98565151,5945.013693,88.73154766,58.73071526,16,4159,259.9375,748,0.23880597,0.264769544,0,0,0,0,0,0,0,0,0,0,0,0,2,717,358.5,615,0.029850746,0.045645531,0,0,0,0,0,0,3,426,142,209,0.044776119,0.027119939,0,0,0,0,0,0,46,10406,226.2173913,725,0.686567164,0.662464986
13,CH5,124,89,0.717741935,21515,241.741573,179.4080484,19247.71439,216.2664538,206.6420415,7882.533839,88.56779594,53.87234865,7941.649418,89.23201593,61.64050109,13,2728,209.8461538,446,0.146067416,0.126795259,1,103,103,103,0.011235955,0.004787358,11,2555,232.2727273,567,0.123595506,0.118754357,7,1594,227.7142857,400,0.078651685,0.074087846,0,0,0,0,0,0,7,1628,232.5714286,391,0.078651685,0.075668139,0,0,0,0,0,0,50,12907,258.14,1532,0.561797753,0.599907042
13,CL7,81,47,0.580246914,11034,234.7659574,158.6669485,12452.72363,264.9515666,223.1648262,4141.704469,88.12137168,60.97874604,4122.493172,87.71262067,61.33416369,3,448,149.3333333,183,0.063829787,0.040601776,6,1245,207.5,276,0.127659574,0.112833061,1,998,998,998,0.021276596,0.090447707,6,1850,308.3333333,516,0.127659574,0.167663585,0,0,0,0,0,0,8,2105,263.125,702,0.170212766,0.190773971,1,108,108,108,0.021276596,0.009787928,22,4280,194.5454545,442,0.468085106,0.38789197
13,DL14,69,39,0.565217391,7932,203.3846154,132.0504207,13145.21427,337.0567761,210.3438856,3769.054496,96.64242299,60.91442257,3824.577675,98.06609423,53.77009951,6,1818,303,919,0.153846154,0.229198185,1,100,100,100,0.025641026,0.012607161,0,0,0,0,0,0,2,349,174.5,178,0.051282051,0.043998991,0,0,0,0,0,0,0,0,0,0,0,0,0,0,0,0,0,0,30,5665,188.8333333,360,0.769230769,0.714195663
13,CL3,71,58,0.816901408,13173,227.1206897,138.5045845,13393.0133,230.9140225,206.1805547,5841.762265,100.7200391,50.3209859,4753.230127,81.95224358,63.36387201,10,1470,147,244,0.172413793,0.111591893,4,1191,297.75,547,0.068965517,0.090412207,0,0,0,0,0,0,12,3837,319.75,683,0.206896552,0.291277613,1,100,100,100,0.017241379,0.007591285,0,0,0,0,0,0,0,0,0,0,0,0,31,6575,212.0967742,483,0.534482759,0.499127002
13,DH5,138,91,0.65942029,23363,256.7362637,235.7845839,26145.96247,287.3182689,269.9398046,8331.113423,91.55069696,61.17794646,6520.964814,71.65895399,55.11159815,12,2387,198.9166667,808,0.131868132,0.102170098,0,0,0,0,0,0,11,2494,226.7272727,449,0.120879121,0.106749989,10,4268,426.8,1915,0.10989011,0.182682019,0,0,0,0,0,0,0,0,0,0,0,0,0,0,0,0,0,0,58,14214,245.0689655,1028,0.637362637,0.608397894
13,DL15,39,25,0.641025641,5743,229.72,135.1886149,8180.134973,327.2053989,318.9140745,2725.606064,109.0242426,61.63110539,2775.955446,111.0382178,54.08642455,3,507,169,192,0.12,0.088281386,0,0,0,0,0,0,2,592,296,409,0.08,0.103082013,0,0,0,0,0,0,0,0,0,0,0,0,0,0,0,0,0,0,0,0,0,0,0,0,20,4644,232.2,712,0.8,0.808636601
13,DH8,24,16,0.666666667,4332,270.75,175.1515415,2457.383218,153.5864511,201.4311657,1476.006873,92.25042954,58.26277531,1180.740922,73.79630764,45.05738244,1,101,101,101,0.0625,0.023314866,0,0,0,0,0,0,4,666,166.5,274,0.25,0.153739612,0,0,0,0,0,0,0,0,0,0,0,0,5,1608,321.6,576,0.3125,0.371191136,1,335,335,335,0.0625,0.077331487,5,1622,324.4,603,0.3125,0.374422899
13,CH7,85,50,0.588235294,12387,247.74,165.3287404,9642.19042,192.8438084,156.1466797,4754.275454,95.08550908,61.99998234,4548.406578,90.96813155,64.26042252,0,0,0,0,0,0,0,0,0,0,0,0,0,0,0,0,0,0,2,841,420.5,723,0.04,0.06789376,0,0,0,0,0,0,1,208,208,208,0.02,0.016791798,0,0,0,0,0,0,47,11338,241.2340426,979,0.94,0.915314443
13,CL9,60,45,0.75,8345,185.4444444,69.9153633,11939.905,265.3312222,246.1644172,4496.005193,99.91122651,53.73925634,3882.92003,86.28711177,55.4121516,1,159,159,159,0.022222222,0.019053325,0,0,0,0,0,0,2,257,128.5,149,0.044444444,0.030796884,8,1683,210.375,375,0.177777778,0.201677651,0,0,0,0,0,0,0,0,0,0,0,0,0,0,0,0,0,0,34,6246,183.7058824,392,0.755555556,0.748472139
13,CL4,46,37,0.804347826,8912,240.8648649,136.0278513,7486.536395,202.3388215,206.4347321,3960.132337,107.0306037,62.1730494,3303.596149,89.28638241,65.6658475,0,0,0,0,0,0,0,0,0,0,0,0,0,0,0,0,0,0,6,1088,181.3333333,232,0.162162162,0.122082585,0,0,0,0,0,0,0,0,0,0,0,0,0,0,0,0,0,0,31,7824,252.3870968,709,0.837837838,0.877917415
13,CL5,31,22,0.709677419,4105,186.5909091,68.46276964,6422.286704,291.9221229,224.4659755,2071.479175,94.15814434,53.34181975,2233.517317,101.5235144,48.41258604,6,1269,211.5,316,0.272727273,0.309135201,0,0,0,0,0,0,0,0,0,0,0,0,0,0,0,0,0,0,0,0,0,0,0,0,0,0,0,0,0,0,0,0,0,0,0,0,16,2836,177.25,342,0.727272727,0.690864799
13,DL2,120,71,0.591666667,14154,199.3521127,106.7882067,19753.99252,278.2252468,250.3461422,6262.042,88.19777465,59.46224246,6967.331364,98.13142766,58.06272584,6,1833,305.5,699,0.084507042,0.129504027,1,117,117,117,0.014084507,0.008266214,1,157,157,157,0.014084507,0.011092271,3,799,266.3333333,316,0.042253521,0.056450473,2,547,273.5,363,0.028169014,0.038646319,0,0,0,0,0,0,2,375,187.5,225,0.028169014,0.026494277,56,10326,184.3928571,467,0.788732394,0.729546418
13,DL4,16,9,0.5625,1520,168.8888889,41.97206596,4323.093319,480.3437021,335.1056802,595.3191044,66.14656715,51.68741019,643.1258939,71.45843266,43.11727217,1,252,252,252,0.111111111,0.165789474,0,0,0,0,0,0,0,0,0,0,0,0,0,0,0,0,0,0,0,0,0,0,0,0,0,0,0,0,0,0,1,132,132,132,0.111111111,0.086842105,7,1136,162.2857143,217,0.777777778,0.747368421
13,CL12,57,25,0.438596491,6008,240.32,241.430689,8329.163389,333.1665355,289.6467842,2297.684258,91.90737032,46.02137752,1793.771716,71.75086865,55.86942589,0,0,0,0,0,0,0,0,0,0,0,0,0,0,0,0,0,0,2,1447,723.5,1239,0.08,0.240845539,0,0,0,0,0,0,0,0,0,0,0,0,2,290,145,183,0.08,0.048268975,21,4271,203.3809524,691,0.84,0.710885486
13,DL5,180,101,0.561111111,28348,280.6732673,285.8871587,29417.8665,291.2660049,281.7438017,9464.560126,93.7085161,63.15852635,8804.362682,87.17190774,56.52311278,2,278,139,162,0.01980198,0.009806688,11,3039,276.2727273,692,0.108910891,0.10720333,7,2019,288.4285714,566,0.069306931,0.071221956,15,4153,276.8666667,1233,0.148514851,0.146500635,0,0,0,0,0,0,0,0,0,0,0,0,7,1765,252.1428571,575,0.069306931,0.062261888,59,17094,289.7288136,2293,0.584158416,0.603005503
13,DH1,51,30,0.588235294,5701,190.0333333,82.86152438,13405.32701,446.8442337,246.6002113,2477.305255,82.57684182,64.29601067,2250.366979,75.01223263,62.64994065,1,176,176,176,0.033333333,0.030871777,1,130,130,130,0.033333333,0.022803017,0,0,0,0,0,0,2,682,341,416,0.066666667,0.119628135,1,133,133,133,0.033333333,0.02332924,0,0,0,0,0,0,0,0,0,0,0,0,25,4580,183.2,414,0.833333333,0.80336783
13,CL14,41,14,0.341463415,2615,186.7857143,86.97879756,3675.113794,262.5081282,266.0644064,1646.936187,117.638299,30.30331078,1596.001995,114.0001425,54.12462322,1,110,110,110,0.071428571,0.04206501,1,100,100,100,0.071428571,0.038240918,0,0,0,0,0,0,3,545,181.6666667,316,0.214285714,0.208413002,0,0,0,0,0,0,0,0,0,0,0,0,0,0,0,0,0,0,9,1860,206.6666667,415,0.642857143,0.711281071
13,DL6,36,23,0.638888889,4635,201.5217391,175.5369079,7700.195962,334.7911288,270.4034588,2403.25394,104.4893017,54.62131783,1797.695009,78.16065256,56.08918357,0,0,0,0,0,0,0,0,0,0,0,0,0,0,0,0,0,0,2,430,215,317,0.086956522,0.092772384,0,0,0,0,0,0,0,0,0,0,0,0,0,0,0,0,0,0,21,4205,200.2380952,983,0.913043478,0.907227616
13,CL11,11,9,0.818181818,1418,157.5555556,62.24344876,3109.392588,345.4880653,254.0365177,988.8889736,109.8765526,68.9803944,883.8794389,98.20882654,73.8973748,1,100,100,100,0.111111111,0.070521862,0,0,0,0,0,0,0,0,0,0,0,0,1,125,125,125,0.111111111,0.088152327,0,0,0,0,0,0,0,0,0,0,0,0,0,0,0,0,0,0,7,1193,170.4285714,291,0.777777778,0.841325811
13,CL13,50,18,0.36,3289,182.7222222,108.4024423,5057.847447,280.9915248,205.0362751,1816.161252,100.8978473,67.45354941,2006.330604,111.4628113,59.32579257,1,159,159,159,0.055555556,0.048342961,0,0,0,0,0,0,0,0,0,0,0,0,4,648,162,198,0.222222222,0.197020371,1,213,213,213,0.055555556,0.064761326,0,0,0,0,0,0,0,0,0,0,0,0,12,2269,189.0833333,609,0.666666667,0.689875342
13,CL15,45,27,0.6,4998,185.1111111,65.6925123,9759.612678,361.4671362,294.110508,2416.280445,89.49186833,70.72678512,2586.811439,95.80783107,60.89083889,0,0,0,0,0,0,0,0,0,0,0,0,0,0,0,0,0,0,6,1053,175.5,293,0.222222222,0.210684274,0,0,0,0,0,0,0,0,0,0,0,0,0,0,0,0,0,0,21,3945,187.8571429,417,0.777777778,0.789315726
13,CL2,9,6,0.666666667,1220,203.3333333,70.85352653,1199.521422,199.920237,82.57359653,539.2038489,89.86730816,16.31063538,419.9769353,69.99615589,70.07827426,0,0,0,0,0,0,0,0,0,0,0,0,0,0,0,0,0,0,0,0,0,0,0,0,0,0,0,0,0,0,0,0,0,0,0,0,0,0,0,0,0,0,6,1220,203.3333333,297,1,1
13,CL6,27,17,0.62962963,3254,191.4117647,70.28434586,4166.363183,245.0801872,187.3990601,1781.07907,104.7693571,56.05421697,1803.15018,106.0676577,55.05497956,0,0,0,0,0,0,1,113,113,113,0.058823529,0.03472649,0,0,0,0,0,0,2,321,160.5,200,0.117647059,0.098647818,0,0,0,0,0,0,2,399,199.5,216,0.117647059,0.122618316,0,0,0,0,0,0,12,2421,201.75,369,0.705882353,0.744007376
13,CL8,31,21,0.677419355,3834,182.5714286,57.33574588,6026.807587,286.9908375,333.9621766,1759.53082,83.78718192,60.53700876,1774.288211,84.48991482,64.88983816,1,249,249,249,0.047619048,0.064945227,0,0,0,0,0,0,3,766,255.3333333,301,0.142857143,0.199791341,0,0,0,0,0,0,0,0,0,0,0,0,0,0,0,0,0,0,0,0,0,0,0,0,17,2819,165.8235294,278,0.80952381,0.735263432
13,DH10,36,21,0.583333333,4674,222.5714286,187.4347052,7247.385721,345.1136057,288.037,1770.080631,84.28955384,65.1596219,1880.381948,89.54199751,59.96440228,12,3066,255.5,1037,0.571428571,0.655969191,0,0,0,0,0,0,1,223,223,223,0.047619048,0.04771074,2,313,156.5,206,0.095238095,0.066966196,0,0,0,0,0,0,0,0,0,0,0,0,0,0,0,0,0,0,6,1072,178.6666667,241,0.285714286,0.229353872
13,DL13,62,48,0.774193548,10051,209.3958333,111.5918418,12237.96045,254.9575094,202.63206,4789.679111,99.78498147,62.94757031,4208.541995,87.67795823,55.88184761,1,146,146,146,0.020833333,0.014525918,0,0,0,0,0,0,3,568,189.3333333,227,0.0625,0.05651179,1,718,718,718,0.020833333,0.071435678,0,0,0,0,0,0,2,302,151,151,0.041666667,0.030046762,0,0,0,0,0,0,41,8317,202.8536585,558,0.854166667,0.827479853
13,DL1,61,27,0.442622951,6421,237.8148148,118.008172,8099.993688,299.9997662,219.6561106,2602.884655,96.40313539,54.83206619,2140.302154,79.27045014,61.75700624,5,826,165.2,271,0.185185185,0.128640399,0,0,0,0,0,0,1,258,258,258,0.037037037,0.040180657,2,785,392.5,497,0.074074074,0.1222551,1,183,183,183,0.037037037,0.028500234,0,0,0,0,0,0,0,0,0,0,0,0,18,4369,242.7222222,589,0.666666667,0.68042361
13,CL10,45,26,0.577777778,4676,179.8461538,83.67965119,5878.269389,226.0872842,201.4631135,2202.47117,84.71042961,68.35394999,2252.71443,86.6428627,50.38752367,11,1824,165.8181818,291,0.423076923,0.390076989,0,0,0,0,0,0,1,132,132,132,0.038461538,0.028229256,3,591,197,217,0.115384615,0.126390077,0,0,0,0,0,0,0,0,0,0,0,0,1,126,126,126,0.038461538,0.026946108,10,2003,200.3,515,0.384615385,0.428357571
13,DL3,97,64,0.659793814,13310,207.96875,137.4579446,17866.13368,279.1583388,245.8533545,5491.584839,85.80601312,60.29397621,5266.838371,82.29434954,54.30352117,6,1177,196.1666667,317,0.09375,0.088429752,0,0,0,0,0,0,1,535,535,535,0.015625,0.040195342,0,0,0,0,0,0,0,0,0,0,0,0,3,479,159.6666667,230,0.046875,0.035987979,1,175,175,175,0.015625,0.013148009,53,10944,206.490566,1004,0.828125,0.822238918
13,CL1,44,21,0.477272727,3665,174.5238095,56.26689718,6978.192595,332.2948855,311.2513371,2002.908946,95.37661646,73.83525386,2020.156941,96.19794957,71.04442864,6,1008,168,233,0.285714286,0.275034106,0,0,0,0,0,0,0,0,0,0,0,0,0,0,0,0,0,0,0,0,0,0,0,0,0,0,0,0,0,0,0,0,0,0,0,0,15,2657,177.1333333,308,0.714285714,0.724965894
13,DH9,35,34,0.971428571,8812,259.1764706,170.4872724,6630.923184,195.0271525,185.4184404,3080.458905,90.6017325,36.57743601,2647.877446,77.87874841,61.85962404,1,208,208,208,0.029411765,0.023604176,0,0,0,0,0,0,16,3986,249.125,667,0.470588235,0.452337721,2,758,379,591,0.058823529,0.086019065,0,0,0,0,0,0,1,152,152,152,0.029411765,0.017249206,0,0,0,0,0,0,14,3708,264.8571429,830,0.411764706,0.420789832
13,CH5a,113,85,0.752212389,17981,211.5411765,98.78051165,24506.299,288.3094,242.3318492,7696.483658,90.54686657,48.78047573,6459.101582,75.98943038,59.08152186,8,1423,177.875,349,0.094117647,0.079139091,0,0,0,0,0,0,18,4731,262.8333333,599,0.211764706,0.263111062,1,370,370,370,0.011764706,0.020577276,3,596,198.6666667,328,0.035294118,0.033146099,4,720,180,293,0.047058824,0.040042267,0,0,0,0,0,0,51,10141,198.8431373,349,0.6,0.563984206
13,DH2,24,21,0.875,5270,250.952381,131.8341224,2015.110449,95.95764043,82.40311948,2976.809708,141.7528432,41.00535991,2326.193306,110.7711098,54.03527559,0,0,0,0,0,0,0,0,0,0,0,0,0,0,0,0,0,0,2,297,148.5,172,0.095238095,0.056356736,0,0,0,0,0,0,0,0,0,0,0,0,0,0,0,0,0,0,19,4973,261.7368421,545,0.904761905,0.943643264
13,CH2,43,30,0.697674419,11179,372.6333333,332.8799066,4239.363196,141.3121065,194.2902173,2935.126235,97.83754117,70.15651632,2768.437164,92.2812388,69.35027431,6,902,150.3333333,200,0.2,0.080687002,4,973,243.25,288,0.133333333,0.087038197,17,8921,524.7647059,1375,0.566666667,0.798014134,0,0,0,0,0,0,0,0,0,0,0,0,2,259,129.5,150,0.066666667,0.023168441,0,0,0,0,0,0,1,124,124,124,0.033333333,0.011092226
13,CH3,114,81,0.710526316,17521,216.308642,102.6982445,20076.96217,247.8637305,231.2756962,7298.45182,90.10434345,64.23418225,6977.282717,86.1392928,57.25592655,11,1929,175.3636364,342,0.135802469,0.110096456,0,0,0,0,0,0,7,1719,245.5714286,388,0.086419753,0.098110838,7,1663,237.5714286,348,0.086419753,0.094914674,2,667,333.5,552,0.024691358,0.038068603,0,0,0,0,0,0,2,337,168.5,211,0.024691358,0.019234062,52,11206,215.5,575,0.641975309,0.639575367
13,DL7,22,12,0.545454545,2125,177.0833333,80.11289777,3093.093601,257.7578001,156.9304512,980.382701,81.69855842,71.27781821,1072.012212,89.33435104,54.18353989,1,117,117,117,0.083333333,0.055058824,1,150,150,150,0.083333333,0.070588235,0,0,0,0,0,0,1,271,271,271,0.083333333,0.127529412,0,0,0,0,0,0,0,0,0,0,0,0,0,0,0,0,0,0,9,1587,176.3333333,401,0.75,0.746823529
13,DL12,32,25,0.78125,4768,190.72,74.70074698,7787.393322,311.4957329,244.0564041,2773.647989,110.9459195,56.06020246,2408.458277,96.33833106,59.17706959,0,0,0,0,0,0,0,0,0,0,0,0,1,202,202,202,0.04,0.042365772,0,0,0,0,0,0,0,0,0,0,0,0,0,0,0,0,0,0,0,0,0,0,0,0,24,4566,190.25,399,0.96,0.957634228
13,DH5a,129,108,0.837209302,26692,247.1481481,176.9789596,16576.75843,153.488504,179.7272405,10444.85695,96.71163839,61.50750089,8168.31212,75.63251963,55.88017219,0,0,0,0,0,0,1,200,200,200,0.009259259,0.007492882,7,1296,185.1428571,325,0.064814815,0.048553874,0,0,0,0,0,0,0,0,0,0,0,0,2,341,170.5,217,0.018518519,0.012775363,0,0,0,0,0,0,98,24855,253.622449,1219,0.907407407,0.931177881
13,DH7,34,23,0.676470588,5033,218.826087,104.722263,4704.539483,204.5451949,249.1430578,2381.022511,103.5227179,57.0210126,2112.7319,91.85790868,60.01031118,0,0,0,0,0,0,1,333,333,333,0.043478261,0.066163322,4,1516,379,534,0.173913043,0.301212001,3,619,206.3333333,286,0.130434783,0.122988277,0,0,0,0,0,0,1,249,249,249,0.043478261,0.049473475,0,0,0,0,0,0,14,2316,165.4285714,268,0.608695652,0.460162925
13,DH3a,105,64,0.60952381,15764,246.3125,216.0391946,15945.26741,249.1448033,277.7485229,6479.603556,101.2438056,51.69056146,5872.69562,91.76086906,52.69430483,6,1966,327.6666667,678,0.09375,0.124714539,0,0,0,0,0,0,9,2834,314.8888889,1084,0.140625,0.179776706,2,277,138.5,175,0.03125,0.017571682,1,133,133,133,0.015625,0.008436945,4,1095,273.75,402,0.0625,0.069462065,0,0,0,0,0,0,42,9459,225.2142857,1276,0.65625,0.600038061
13,DL11,43,26,0.604651163,5247,201.8076923,115.9529146,8720.258488,335.3945572,241.1178905,2678.214202,103.0082385,46.74882291,2554.64963,98.25575498,49.53680547,5,955,191,289,0.192307692,0.182008767,1,149,149,149,0.038461538,0.028397179,2,417,208.5,266,0.076923077,0.079473985,1,138,138,138,0.038461538,0.026300743,0,0,0,0,0,0,0,0,0,0,0,0,0,0,0,0,0,0,17,3588,211.0588235,598,0.653846154,0.683819325
13,DL9,17,15,0.882352941,4409,293.9333333,272.965069,3605.834608,240.3889739,206.5341164,1304.663191,86.97754604,73.52124945,1188.262879,79.21752526,63.49598815,7,1713,244.7142857,550,0.466666667,0.388523475,0,0,0,0,0,0,1,100,100,100,0.066666667,0.02268088,5,2271,454.2,1224,0.333333333,0.515082785,0,0,0,0,0,0,0,0,0,0,0,0,0,0,0,0,0,0,2,325,162.5,175,0.133333333,0.07371286
13,DL8,46,36,0.782608696,9790,271.9444444,170.5642506,7251.018472,201.4171798,167.4904068,3138.879011,87.19108364,58.45885603,3039.045658,84.41793495,60.51122452,2,315,157.5,162,0.055555556,0.032175689,0,0,0,0,0,0,0,0,0,0,0,0,0,0,0,0,0,0,2,578,289,416,0.055555556,0.059039837,1,230,230,230,0.027777778,0.023493361,0,0,0,0,0,0,31,8667,279.5806452,1000,0.861111111,0.885291113
13,CH3a,82,40,0.487804878,9175,229.375,87.76066531,9011.647065,225.2911766,190.4794234,3971.125244,99.27813111,66.70246482,3185.1176,79.62794001,57.72048922,1,244,244,244,0.025,0.026594005,2,308,154,183,0.05,0.033569482,1,413,413,413,0.025,0.045013624,0,0,0,0,0,0,2,400,200,225,0.05,0.04359673,0,0,0,0,0,0,0,0,0,0,0,0,34,7810,229.7058824,502,0.85,0.851226158
